date,participant,trial,block,trialID,isPrac,isStationary,nTarg,targOnset,targRT,targCor,targContrast,qStaircase,FA_rt,,
2022-06-14,MD,0,0,0,1,1,8,1.78418,2.216317,1,0.46,0,
2022-06-14,MD,0,0,0,1,1,8,2.618032,2.841198,1,0.46,0,
2022-06-14,MD,0,0,0,1,1,8,3.484784,3.564874,1,0.46,0,
2022-06-14,MD,0,0,0,1,1,8,5.15157,5.407799,1,0.46,0,
2022-06-14,MD,0,0,0,1,1,8,5.991261,6.229861,1,0.46,0,
2022-06-14,MD,0,0,0,1,1,8,6.828646,7.114227,1,0.46,0,
2022-06-14,MD,0,0,0,1,1,8,7.683752,7.942594,1,0.46,0,
2022-06-14,MD,1,0,1,1,1,7,1.851477,2.107779,1,0.46,0,
2022-06-14,MD,1,0,1,1,1,7,2.696508,2.950866,1,0.46,0,
2022-06-14,MD,1,0,1,1,1,7,3.542228,3.798971,1,0.46,0,
2022-06-14,MD,1,0,1,1,1,7,4.386681,4.653302,1,0.46,0,
2022-06-14,MD,1,0,1,1,1,7,5.244394,5.496314,1,0.46,0,
2022-06-14,MD,1,0,1,1,1,7,6.929743,7.219689,1,0.46,0,
2022-06-14,MD,2,0,2,1,1,8,1.814004,2.060938,1,0.46,0,
2022-06-14,MD,2,0,2,1,1,8,2.65472,2.921954,1,0.46,0,
2022-06-14,MD,2,0,2,1,1,8,3.498421,3.698258,1,0.46,0,
2022-06-14,MD,2,0,2,1,1,8,4.334501,4.553761,1,0.46,0,
2022-06-14,MD,2,0,2,1,1,8,5.180604,5.290665,1,0.46,0,
2022-06-14,MD,2,0,2,1,1,8,6.021221,6.190783,1,0.46,0,
2022-06-14,MD,2,0,2,1,1,8,6.886066,7.107862,1,0.46,0,
2022-06-14,MD,2,0,2,1,1,8,7.732726,7.987983,1,0.46,0,
2022-06-14,MD,3,0,3,1,1,8,1.766878,2.043499,1,0.46,1,
2022-06-14,MD,3,0,3,1,1,8,2.601221,2.877459,1,0.46,1,
2022-06-14,MD,3,0,3,1,1,8,3.444158,0,0,0.4005,1,
2022-06-14,MD,3,0,3,1,1,8,4.303127,4.553787,1,0.8593466,1,
2022-06-14,MD,3,0,3,1,1,8,5.150241,5.417019,1,0.7699606,1,
2022-06-14,MD,3,0,3,1,1,8,5.986868,6.263959,1,0.6875374,1,
2022-06-14,MD,3,0,3,1,1,8,7.786073,8.155025,1,0.6152257,1,
2022-06-14,MD,4,0,4,1,1,8,1.76364,2.042032,1,0.5532662,1,
2022-06-14,MD,4,0,4,1,1,8,2.607369,2.895291,1,0.5001571,1,
2022-06-14,MD,4,0,4,1,1,8,3.441623,3.74096,1,0.4537064,1,
2022-06-14,MD,4,0,4,1,1,8,5.128578,0,0,0.4116443,1,
2022-06-14,MD,4,0,4,1,1,8,5.987728,6.327889,1,0.5334297,1,
2022-06-14,MD,4,0,4,1,1,8,6.827857,7.116371,1,0.5001577,1,
2022-06-14,MD,4,0,4,1,1,8,7.669498,0,0,0.4729777,1,
2022-06-14,MD,5,0,5,1,1,8,1.833493,2.109343,1,0.5501054,1,
2022-06-14,MD,5,0,5,1,1,8,2.689052,2.966383,1,0.5219344,1,
2022-06-14,MD,5,0,5,1,1,8,3.532604,3.744656,1,0.4992087,1,
2022-06-14,MD,5,0,5,1,1,8,4.3637,4.63242,1,0.4804758,1,
2022-06-14,MD,5,0,5,1,1,8,5.207746,5.475384,1,0.4647235,1,
2022-06-14,MD,5,0,5,1,1,8,6.067807,6.340618,1,0.4511833,1,
2022-06-14,MD,5,0,5,1,1,8,6.907076,7.128197,1,0.4393111,1,
2022-06-14,MD,5,0,5,1,1,8,7.751909,0,0,0.4287469,1,
2022-06-14,MD,6,0,6,1,1,8,2.055999,2.345441,1,0.458414,1,
2022-06-14,MD,6,0,6,1,1,8,2.890659,3.179936,1,0.4477565,1,
2022-06-14,MD,6,0,6,1,1,8,3.733366,4.020781,1,0.4382828,1,
2022-06-14,MD,6,0,6,1,1,8,4.574824,0,0,0.4297539,1,
2022-06-14,MD,6,0,6,1,1,8,5.414044,5.754052,1,0.453878,1,
2022-06-14,MD,6,0,6,1,1,8,6.255431,6.564138,1,0.4451763,1,
2022-06-14,MD,6,0,6,1,1,8,7.308381,7.853935,1,0.4373313,1,
2022-06-14,MD,6,0,6,1,1,8,8.150117,8.476237,1,0.4301823,1,
2022-06-14,MD,7,0,7,1,1,7,2.047709,2.485155,1,0.4236049,1,
2022-06-14,MD,7,0,7,1,1,7,2.880948,0,0,0.4174938,1,
2022-06-14,MD,7,0,7,1,1,7,3.733925,4.280447,1,0.4349988,1,
2022-06-14,MD,7,0,7,1,1,7,4.579,0,0,0.4288395,1,
2022-06-14,MD,7,0,7,1,1,7,5.422738,5.834901,1,0.4462265,1,
2022-06-14,MD,7,0,7,1,1,7,6.267432,6.635302,1,0.4399484,1,
2022-06-14,MD,7,0,7,1,1,7,7.100416,7.412005,1,0.4341526,1,
2022-06-14,MD,8,0,8,1,1,8,1.874281,2.299105,1,0.4287624,1,
2022-06-14,MD,8,0,8,1,1,8,2.724987,3.252478,1,0.4237167,1,
2022-06-14,MD,8,0,8,1,1,8,3.567637,3.948298,1,0.4189602,1,
2022-06-14,MD,8,0,8,1,1,8,4.420304,0,0,0.4144632,1,
2022-06-14,MD,8,0,8,1,1,8,5.262031,0,0,0.4273565,1,
2022-06-14,MD,8,0,8,1,1,8,6.099009,6.473022,1,0.441163,1,
2022-06-14,MD,8,0,8,1,1,8,6.953857,7.275732,1,0.4362729,1,
2022-06-14,MD,8,0,8,1,1,8,7.795007,0,0,0.4316888,1,
2022-06-14,MD,9,0,9,1,1,8,1.820955,2.263633,1,0.4448177,1,
2022-06-14,MD,9,0,9,1,1,8,2.665552,3.006398,1,0.4401524,1,
2022-06-14,MD,9,0,9,1,1,8,3.506831,0,0,0.4357658,1,
2022-06-14,MD,9,0,9,1,1,8,4.370765,4.738007,1,0.4483198,1,
2022-06-14,MD,9,0,9,1,1,8,5.20717,5.494343,1,0.4438478,1,
2022-06-14,MD,9,0,9,1,1,8,6.047482,6.44989,1,0.4396389,1,
2022-06-14,MD,9,0,9,1,1,8,6.903759,0,0,0.4356598,1,
2022-06-14,MD,9,0,9,1,1,8,7.748895,0,0,0.4470854,1,
2022-06-14,MD,10,0,10,1,1,7,1.648197,2.028422,1,0.4594141,1,
2022-06-14,MD,10,0,10,1,1,7,2.484256,2.762611,1,0.4550045,1,
2022-06-14,MD,10,0,10,1,1,7,3.317941,3.695279,1,0.4508671,1,
2022-06-14,MD,10,0,10,1,1,7,4.161344,4.516869,1,0.4469716,1,
2022-06-14,MD,10,0,10,1,1,7,5.022945,5.329686,1,0.4432805,1,
2022-06-14,MD,10,0,10,1,1,7,5.870291,6.193457,1,0.4397648,1,
2022-06-14,MD,10,0,10,1,1,7,7.75911,8.369979,1,0.4364117,1,
2022-06-14,MD,11,0,11,1,1,8,1.840645,0,0,0.4332041,1,
2022-06-14,MD,11,0,11,1,1,8,2.685715,3.214475,1,0.4425137,1,
2022-06-14,MD,11,0,11,1,1,8,3.526958,3.906268,1,0.439264,1,
2022-06-14,MD,11,0,11,1,1,8,4.361149,0,0,0.4361489,1,
2022-06-14,MD,11,0,11,1,1,8,5.222833,5.539541,1,0.445115,1,
2022-06-14,MD,11,0,11,1,1,8,6.060977,6.436944,1,0.4419579,1,
2022-06-14,MD,11,0,11,1,1,8,6.894949,7.252068,1,0.4389348,1,
2022-06-14,MD,11,0,11,1,1,8,7.86378,0,0,0.436033,1,
2022-06-14,MD,12,0,12,1,1,8,1.776128,2.096638,1,0.4444188,1,
2022-06-14,MD,12,0,12,1,1,8,2.632427,3.246684,1,0.4414788,1,
2022-06-14,MD,12,0,12,1,1,8,3.46454,3.876205,1,0.4386508,1,
2022-06-14,MD,12,0,12,1,1,8,4.309751,0,0,0.4359296,1,
2022-06-14,MD,12,0,12,1,1,8,5.994595,6.41907,1,0.4438085,1,
2022-06-14,MD,12,0,12,1,1,8,6.838795,7.160447,1,0.441053,1,
2022-06-14,MD,12,0,12,1,1,8,7.685941,8.006974,1,0.4383964,1,
2022-06-14,MD,13,0,13,1,1,8,1.853581,0,0,0.4358347,1,
2022-06-14,MD,13,0,13,1,1,8,2.70831,3.292053,1,0.4432646,1,
2022-06-14,MD,13,0,13,1,1,8,3.550228,3.88547,1,0.4406719,1,
2022-06-14,MD,13,0,13,1,1,8,4.382679,4.708568,1,0.4381707,1,
2022-06-14,MD,13,0,13,1,1,8,6.061859,0,0,0.4357502,1,
2022-06-14,MD,13,0,13,1,1,8,6.906893,0,0,0.4427816,1,
2022-06-14,MD,14,0,14,1,1,8,2.030516,2.391367,1,0.450063,1,
2022-06-14,MD,14,0,14,1,1,8,2.864997,3.170783,1,0.4474985,1,
2022-06-14,MD,14,0,14,1,1,8,3.705382,4.007144,1,0.4450226,1,
2022-06-14,MD,14,0,14,1,1,8,4.541906,4.848671,1,0.4426287,1,
2022-06-14,MD,14,0,14,1,1,8,5.407263,0,0,0.4403142,1,
2022-06-14,MD,14,0,14,1,1,8,6.251077,6.518139,1,0.4470116,1,
2022-06-14,MD,14,0,14,1,1,8,7.106741,7.440011,1,0.4446684,1,
2022-06-14,MD,14,0,14,1,1,8,7.941976,8.402161,1,0.4424021,1,
2022-06-14,MD,15,0,15,1,1,8,1.861962,0,0,0.4402038,1,
2022-06-14,MD,15,0,15,1,1,8,2.706466,3.041041,1,0.4465753,1,
2022-06-14,MD,15,0,15,1,1,8,3.540612,4.007974,1,0.4443539,1,
2022-06-14,MD,15,0,15,1,1,8,4.386054,4.706858,1,0.4421982,1,
2022-06-14,MD,15,0,15,1,1,8,5.225974,5.593362,1,0.4401047,1,
2022-06-14,MD,15,0,15,1,1,8,6.061828,0,0,0.4380691,1,
2022-06-14,MD,15,0,15,1,1,8,6.901758,7.350399,1,0.4439833,1,
2022-06-14,MD,15,0,15,1,1,8,7.738673,8.094233,1,0.4419281,1,
2022-06-14,MD,16,0,16,1,1,8,1.862738,0,0,0.439929,1,
2022-06-14,MD,16,0,16,1,1,8,2.696878,3.027075,1,0.4457424,1,
2022-06-14,MD,16,0,16,1,1,8,3.550563,4.01221,1,0.4437238,1,
2022-06-14,MD,16,0,16,1,1,8,4.392652,0,0,0.4417598,1,
2022-06-14,MD,16,0,16,1,1,8,5.229369,0,0,0.4474782,1,
2022-06-14,MD,16,0,16,1,1,8,6.082873,6.461642,1,0.4534255,1,
2022-06-14,MD,16,0,16,1,1,8,6.924755,7.262633,1,0.4513606,1,
2022-06-14,MD,16,0,16,1,1,8,7.75875,8.082366,1,0.4493552,1,
2022-06-14,MD,17,0,17,1,1,8,1.961452,2.366572,1,0.4474052,1,
2022-06-14,MD,17,0,17,1,1,8,2.796763,3.146948,1,0.4455076,1,
2022-06-14,MD,17,0,17,1,1,8,3.651916,4.363213,1,0.4436589,1,
2022-06-14,MD,17,0,17,1,1,8,4.495705,4.794785,1,0.4418568,1,
2022-06-14,MD,17,0,17,1,1,8,5.331299,5.640545,1,0.4400986,1,
2022-06-14,MD,17,0,17,1,1,8,6.173271,6.618422,1,0.4383818,1,
2022-06-14,MD,17,0,17,1,1,8,7.009559,0,0,0.4367043,1,
2022-06-14,MD,17,0,17,1,1,8,7.849468,0,0,0.4415689,1,
2022-06-14,MD,18,0,18,1,1,8,1.905894,0,0,0.4466274,1,
2022-06-14,MD,18,0,18,1,1,8,2.740433,3.14119,1,0.4518106,1,
2022-06-14,MD,18,0,18,1,1,8,3.573544,3.851834,1,0.4500025,1,
2022-06-14,MD,18,0,18,1,1,8,4.426931,4.905454,1,0.4482401,1,
2022-06-14,MD,18,0,18,1,1,8,5.260058,5.538372,1,0.4465208,1,
2022-06-14,MD,18,0,18,1,1,8,6.105376,6.615762,1,0.4448422,1,
2022-06-14,MD,18,0,18,1,1,8,6.937748,7.277435,1,0.4432023,1,
2022-06-14,MD,18,0,18,1,1,8,7.781878,0,0,0.4415968,1,
2022-06-14,MD,19,0,19,1,1,8,2.026171,2.409291,1,0.4462901,1,
2022-06-14,MD,19,0,19,1,1,8,3.718066,4.047793,1,0.4446726,1,
2022-06-14,MD,19,0,19,1,1,8,4.551832,4.908471,1,0.4430912,1,
2022-06-14,MD,19,0,19,1,1,8,5.413518,5.760355,1,0.4415417,1,
2022-06-14,MD,19,0,19,1,1,8,6.262342,6.562319,1,0.4400252,1,
2022-06-14,MD,19,0,19,1,1,8,7.114789,7.450485,1,0.4385399,1,
2022-06-14,MD,19,0,19,1,1,8,7.949244,0,0,0.4370845,1,
2022-06-14,MD,20,1,0,0,0,8,2.390095,2.810617,1,0.4413674,1,
2022-06-14,MD,20,1,0,0,0,8,3.23217,0,0,0.4622523,1,
2022-06-14,MD,20,1,0,0,0,8,4.077744,4.456098,1,0.4274442,1,
2022-06-14,MD,20,1,0,0,0,8,5.758181,6.084809,1,0.4622523,1,
2022-06-14,MD,20,1,0,0,0,8,6.612187,6.955056,1,0.4204825,1,
2022-06-14,MD,20,1,0,0,0,8,7.464874,7.798409,1,0.4204825,1,
2022-06-14,MD,20,1,0,0,0,8,8.29774,8.621926,1,0.4204825,1,
2022-06-14,MD,21,1,1,0,0,8,1.718009,2.041816,1,0.4344058,1,
2022-06-14,MD,21,1,1,0,0,8,2.575609,2.871348,1,0.4413674,1,
2022-06-14,MD,21,1,1,0,0,8,3.419699,3.719375,1,0.4274442,1,
2022-06-14,MD,21,1,1,0,0,8,4.261817,4.585007,1,0.4413674,1,
2022-06-14,MD,21,1,1,0,0,8,5.938214,6.395968,1,0.4483291,1,
2022-06-14,MD,22,1,2,0,0,8,2.206118,2.599555,1,0.4413674,1,
2022-06-14,MD,22,1,2,0,0,8,3.039802,0,0,0.4413674,1,
2022-06-14,MD,22,1,2,0,0,8,3.875945,4.2014,1,0.4622523,1,
2022-06-14,MD,22,1,2,0,0,8,4.716887,4.993631,1,0.4413674,1,
2022-06-14,MD,22,1,2,0,0,8,5.561973,5.863074,1,0.4413674,1,
2022-06-14,MD,22,1,2,0,0,8,6.40355,6.704051,1,0.4413674,1,
2022-06-14,MD,22,1,2,0,0,8,7.359054,7.660655,1,0.4552907,1,
2022-06-14,MD,22,1,2,0,0,8,8.20541,8.509013,1,0.4483291,1,
2022-06-14,MD,23,1,3,0,0,7,1.508784,1.890669,1,0.4483291,1,
2022-06-14,MD,23,1,3,0,0,7,2.363685,2.667876,1,0.4344058,1,
2022-06-14,MD,23,1,3,0,0,7,3.19581,3.473245,1,0.4622523,1,
2022-06-14,MD,23,1,3,0,0,7,4.039877,4.417193,1,0.4483291,1,
2022-06-14,MD,23,1,3,0,0,7,4.8841,5.181709,1,0.4413674,1,
2022-06-14,MD,23,1,3,0,0,7,5.728938,5.994726,1,0.4274442,1,
2022-06-14,MD,23,1,3,0,0,7,6.567714,6.905222,1,0.4413674,1,
2022-06-14,MD,24,1,4,0,0,8,1.828735,2.150868,1,0.4622523,1,
2022-06-14,MD,24,1,4,0,0,8,2.663225,2.970493,1,0.4344058,1,
2022-06-14,MD,24,1,4,0,0,8,4.347833,4.624394,1,0.4413674,1,
2022-06-14,MD,24,1,4,0,0,8,5.184583,0,0,0.4413674,1,
2022-06-14,MD,24,1,4,0,0,8,6.026875,6.328349,1,0.4274442,1,
2022-06-14,MD,24,1,4,0,0,8,7.705026,8.037727,1,0.4413674,1,
2022-06-14,MD,25,1,5,0,0,7,2.807723,3.104926,1,0.4552907,1,
2022-06-14,MD,25,1,5,0,0,7,3.662015,3.859862,1,0.4204825,1,
2022-06-14,MD,25,1,5,0,0,7,4.501296,4.801157,1,0.4622523,1,
2022-06-14,MD,25,1,5,0,0,7,5.340701,5.750628,1,0.4552907,1,
2022-06-14,MD,25,1,5,0,0,7,6.186276,6.480014,1,0.4552907,1,
2022-06-14,MD,25,1,5,0,0,7,7.026342,7.326652,1,0.4413674,1,
2022-06-14,MD,26,1,6,0,0,8,1.862599,2.16223,1,0.4204825,1,
2022-06-14,MD,26,1,6,0,0,8,2.70414,3.056511,1,0.4204825,1,
2022-06-14,MD,26,1,6,0,0,8,3.562065,3.849523,1,0.4274442,1,
2022-06-14,MD,26,1,6,0,0,8,4.407475,4.729354,1,0.4274442,1,
2022-06-14,MD,26,1,6,0,0,8,5.237835,5.590446,1,0.4552907,1,
2022-06-14,MD,26,1,6,0,0,8,6.093966,6.393414,1,0.4622523,1,
2022-06-14,MD,26,1,6,0,0,8,6.949161,7.282117,1,0.4622523,1,
2022-06-14,MD,26,1,6,0,0,8,7.828202,8.138539,1,0.4622523,1,
2022-06-14,MD,27,1,7,0,0,8,1.683665,0,0,0.4344058,1,
2022-06-14,MD,27,1,7,0,0,8,2.534021,2.889671,1,0.4483291,1,
2022-06-14,MD,27,1,7,0,0,8,3.367987,3.862336,1,0.4483291,1,
2022-06-14,MD,27,1,7,0,0,8,4.211059,4.496974,1,0.4274442,1,
2022-06-14,MD,27,1,7,0,0,8,5.043989,5.310648,1,0.4483291,1,
2022-06-14,MD,27,1,7,0,0,8,5.89069,6.191319,1,0.4344058,1,
2022-06-14,MD,27,1,7,0,0,8,6.733268,7.033075,1,0.4413674,1,
2022-06-14,MD,27,1,7,0,0,8,7.663224,7.900959,1,0.4622523,1,
2022-06-14,MD,28,1,8,0,0,8,1.812246,2.193188,1,0.4344058,1,
2022-06-14,MD,28,1,8,0,0,8,2.66154,2.960541,1,0.4274442,1,
2022-06-14,MD,28,1,8,0,0,8,3.495095,3.880602,1,0.4274442,1,
2022-06-14,MD,28,1,8,0,0,8,4.337876,4.638869,1,0.4552907,1,
2022-06-14,MD,28,1,8,0,0,8,5.184859,5.459508,1,0.4552907,1,
2022-06-14,MD,28,1,8,0,0,8,6.025957,6.293464,1,0.4204825,1,
2022-06-14,MD,28,1,8,0,0,8,6.869977,0,0,0.4552907,1,
2022-06-14,MD,28,1,8,0,0,8,7.718664,8.030411,1,0.4274442,1,
2022-06-14,MD,29,1,9,0,0,8,1.939823,2.343986,1,0.4622523,1,
2022-06-14,MD,29,1,9,0,0,8,2.784644,0,0,0.4344058,1,
2022-06-14,MD,29,1,9,0,0,8,3.627938,4.072036,1,0.4622523,1,
2022-06-14,MD,29,1,9,0,0,8,4.469574,4.772776,1,0.4274442,1,
2022-06-14,MD,29,1,9,0,0,8,5.320231,5.648582,1,0.4552907,1,
2022-06-14,MD,29,1,9,0,0,8,6.160285,6.461493,1,0.4344058,1,
2022-06-14,MD,29,1,9,0,0,8,7.022666,7.302993,1,0.4622523,1,
2022-06-14,MD,29,1,9,0,0,8,7.871853,8.137101,1,0.4204825,1,
2022-06-14,MD,30,1,10,0,0,8,1.882844,2.219812,1,0.4204825,1,
2022-06-14,MD,30,1,10,0,0,8,2.717956,3.01947,1,0.4344058,1,
2022-06-14,MD,30,1,10,0,0,8,3.563658,3.867335,1,0.4552907,1,
2022-06-14,MD,30,1,10,0,0,8,4.407446,4.704749,1,0.4344058,1,
2022-06-14,MD,30,1,10,0,0,8,5.241153,5.639008,1,0.4622523,1,
2022-06-14,MD,30,1,10,0,0,8,6.08491,6.383276,1,0.4274442,1,
2022-06-14,MD,30,1,10,0,0,8,6.928916,7.27195,1,0.4622523,1,
2022-06-14,MD,30,1,10,0,0,8,7.773003,8.093115,1,0.4622523,1,
2022-06-14,MD,31,1,11,0,0,7,1.796601,2.189413,1,0.4344058,1,
2022-06-14,MD,31,1,11,0,0,7,2.656372,3.015221,1,0.4622523,1,
2022-06-14,MD,31,1,11,0,0,7,3.506331,3.828564,1,0.4413674,1,
2022-06-14,MD,31,1,11,0,0,7,4.366026,4.677894,1,0.4413674,1,
2022-06-14,MD,31,1,11,0,0,7,5.21394,5.526758,1,0.4274442,1,
2022-06-14,MD,31,1,11,0,0,7,6.05007,0,0,0.4274442,1,
2022-06-14,MD,31,1,11,0,0,7,7.104139,7.427354,1,0.4274442,1,
2022-06-14,MD,32,1,12,0,0,8,1.740577,2.054706,1,0.4204825,1,
2022-06-14,MD,32,1,12,0,0,8,2.583138,2.882905,1,0.4552907,1,
2022-06-14,MD,32,1,12,0,0,8,3.444524,3.748494,1,0.4344058,1,
2022-06-14,MD,32,1,12,0,0,8,4.293642,4.604974,1,0.4622523,1,
2022-06-14,MD,32,1,12,0,0,8,5.150373,5.462094,1,0.4274442,1,
2022-06-14,MD,32,1,12,0,0,8,5.992666,6.272613,1,0.4274442,1,
2022-06-14,MD,32,1,12,0,0,8,6.834464,7.247427,1,0.4344058,1,
2022-06-14,MD,32,1,12,0,0,8,7.681808,7.979971,1,0.4552907,1,
2022-06-14,MD,33,1,13,0,0,8,1.983978,2.283669,1,0.4622523,1,
2022-06-14,MD,33,1,13,0,0,8,2.84114,3.163344,1,0.4413674,1,
2022-06-14,MD,33,1,13,0,0,8,3.682487,4.029283,1,0.4274442,1,
2022-06-14,MD,33,1,13,0,0,8,4.527008,4.925392,1,0.4344058,1,
2022-06-14,MD,33,1,13,0,0,8,5.38192,5.692466,1,0.4204825,1,
2022-06-14,MD,33,1,13,0,0,8,7.061413,7.371441,1,0.4204825,1,
2022-06-14,MD,33,1,13,0,0,8,7.903896,8.210897,1,0.4622523,1,
2022-06-14,MD,34,1,14,0,0,8,1.968343,2.276125,1,0.4622523,1,
2022-06-14,MD,34,1,14,0,0,8,2.813986,3.122978,1,0.4622523,1,
2022-06-14,MD,34,1,14,0,0,8,3.649728,0,0,0.4552907,1,
2022-06-14,MD,34,1,14,0,0,8,4.489688,4.826703,1,0.4483291,1,
2022-06-14,MD,34,1,14,0,0,8,5.327991,5.646824,1,0.4413674,1,
2022-06-14,MD,34,1,14,0,0,8,6.171678,6.492872,1,0.4204825,1,
2022-06-14,MD,34,1,14,0,0,8,7.015431,7.436234,1,0.4344058,1,
2022-06-14,MD,34,1,14,0,0,8,7.874273,8.204002,1,0.4622523,1,
2022-06-14,MD,35,1,15,0,0,8,1.607129,1.97228,1,0.4204825,1,
2022-06-14,MD,35,1,15,0,0,8,2.459099,2.856448,1,0.4204825,1,
2022-06-14,MD,35,1,15,0,0,8,3.295248,3.77319,1,0.4622523,1,
2022-06-14,MD,35,1,15,0,0,8,4.150411,4.534729,1,0.4344058,1,
2022-06-14,MD,35,1,15,0,0,8,4.99414,5.271194,1,0.4622523,1,
2022-06-14,MD,35,1,15,0,0,8,5.848494,6.159586,1,0.4622523,1,
2022-06-14,MD,35,1,15,0,0,8,6.693273,7.003003,1,0.4483291,1,
2022-06-14,MD,35,1,15,0,0,8,7.53417,7.777549,1,0.4622523,1,
2022-06-14,MD,36,1,16,0,0,8,1.731395,2.103911,1,0.4413674,1,
2022-06-14,MD,36,1,16,0,0,8,2.578044,2.885291,1,0.4483291,1,
2022-06-14,MD,36,1,16,0,0,8,3.419532,3.741846,1,0.4622523,1,
2022-06-14,MD,36,1,16,0,0,8,5.101072,5.418526,1,0.4483291,1,
2022-06-14,MD,36,1,16,0,0,8,5.945548,6.266041,1,0.4552907,1,
2022-06-14,MD,36,1,16,0,0,8,6.776994,7.118682,1,0.4552907,1,
2022-06-14,MD,36,1,16,0,0,8,7.610138,7.908949,1,0.4274442,1,
2022-06-14,MD,37,1,17,0,0,8,2.671425,3.135238,1,0.4622523,1,
2022-06-14,MD,37,1,17,0,0,8,3.515862,3.85848,1,0.4483291,1,
2022-06-14,MD,37,1,17,0,0,8,4.355556,4.645443,1,0.4274442,1,
2022-06-14,MD,37,1,17,0,0,8,5.193358,0,0,0.4483291,1,
2022-06-14,MD,37,1,17,0,0,8,6.034011,6.357866,1,0.4204825,1,
2022-06-14,MD,37,1,17,0,0,8,7.802145,8.157087,1,0.4413674,1,
2022-06-14,MD,38,1,18,0,0,8,2.031284,2.336406,1,0.4344058,1,
2022-06-14,MD,38,1,18,0,0,8,2.863446,3.172956,1,0.4274442,1,
2022-06-14,MD,38,1,18,0,0,8,3.69653,3.99662,1,0.4622523,1,
2022-06-14,MD,38,1,18,0,0,8,4.553961,4.848629,1,0.4344058,1,
2022-06-14,MD,38,1,18,0,0,8,5.39636,5.716875,1,0.4552907,1,
2022-06-14,MD,38,1,18,0,0,8,6.239879,6.528474,1,0.4274442,1,
2022-06-14,MD,38,1,18,0,0,8,7.084555,7.3733,1,0.4274442,1,
2022-06-14,MD,38,1,18,0,0,8,7.944974,8.250172,1,0.4622523,1,
2022-06-14,MD,39,1,19,0,0,8,2.144634,2.535832,1,0.4483291,1,
2022-06-14,MD,39,1,19,0,0,8,2.991973,3.283461,1,0.4204825,1,
2022-06-14,MD,39,1,19,0,0,8,3.827997,0,0,0.4413674,1,
2022-06-14,MD,39,1,19,0,0,8,4.671168,4.894579,1,0.4344058,1,
2022-06-14,MD,39,1,19,0,0,8,5.510679,5.801908,1,0.4483291,1,
2022-06-14,MD,39,1,19,0,0,8,6.350492,6.652633,1,0.4344058,1,
2022-06-14,MD,39,1,19,0,0,8,7.189216,7.602987,1,0.4344058,1,
2022-06-14,MD,39,1,19,0,0,8,8.02508,8.424744,1,0.4413674,1,
2022-06-14,MD,40,2,0,0,0,8,3.616186,3.917257,1,0.4483291,1,
2022-06-14,MD,40,2,0,0,0,8,4.460817,4.728503,1,0.4274442,1,
2022-06-14,MD,40,2,0,0,0,8,5.317105,5.672633,1,0.4552907,1,
2022-06-14,MD,40,2,0,0,0,8,6.160661,6.449711,1,0.4622523,1,
2022-06-14,MD,40,2,0,0,0,8,6.990887,7.267941,1,0.4483291,1,
2022-06-14,MD,40,2,0,0,0,8,7.824037,8.113273,1,0.4274442,1,
2022-06-14,MD,41,2,1,0,0,8,1.855025,2.165811,1,0.4204825,1,
2022-06-14,MD,41,2,1,0,0,8,2.706146,3.075397,1,0.4622523,1,
2022-06-14,MD,41,2,1,0,0,8,3.541842,0,0,0.4413674,1,
2022-06-14,MD,41,2,1,0,0,8,4.384811,4.682322,1,0.4274442,1,
2022-06-14,MD,41,2,1,0,0,8,5.218889,5.625547,1,0.4483291,1,
2022-06-14,MD,41,2,1,0,0,8,6.063163,6.428651,1,0.4204825,1,
2022-06-14,MD,41,2,1,0,0,8,6.905503,7.261577,1,0.4204825,1,
2022-06-14,MD,41,2,1,0,0,8,7.763494,8.196347,1,0.4483291,1,
2022-06-14,MD,42,2,2,0,0,8,2.028396,2.132216,1,0.4413674,1,
2022-06-14,MD,42,2,2,0,0,8,2.864016,3.164397,1,0.4413674,1,
2022-06-14,MD,42,2,2,0,0,8,3.696656,4.021169,1,0.4204825,1,
2022-06-14,MD,42,2,2,0,0,8,4.540167,4.806938,1,0.4344058,1,
2022-06-14,MD,42,2,2,0,0,8,5.417881,5.708695,1,0.4204825,1,
2022-06-14,MD,42,2,2,0,0,8,6.406266,6.718455,1,0.4622523,1,
2022-06-14,MD,42,2,2,0,0,8,7.237384,7.590399,1,0.4344058,1,
2022-06-14,MD,42,2,2,0,0,8,8.082312,8.416722,1,0.4483291,1,
2022-06-14,MD,43,2,3,0,0,8,1.940123,2.239929,1,0.4274442,1,
2022-06-14,MD,43,2,3,0,0,8,2.793279,3.104744,1,0.4413674,1,
2022-06-14,MD,43,2,3,0,0,8,3.626876,3.961064,1,0.4344058,1,
2022-06-14,MD,43,2,3,0,0,8,5.313262,5.525423,1,0.4413674,1,
2022-06-14,MD,43,2,3,0,0,8,6.148066,6.466965,1,0.4552907,1,
2022-06-14,MD,43,2,3,0,0,8,7.23746,7.66728,1,0.4413674,1,
2022-06-14,MD,43,2,3,0,0,8,8.093517,8.393326,1,0.4483291,1,
2022-06-14,MD,44,2,4,0,0,7,1.732487,2.055676,1,0.4204825,1,
2022-06-14,MD,44,2,4,0,0,7,2.577492,2.87703,1,0.4344058,1,
2022-06-14,MD,44,2,4,0,0,7,3.408961,0,0,0.4344058,1,
2022-06-14,MD,44,2,4,0,0,7,4.242512,4.565039,1,0.4344058,1,
2022-06-14,MD,44,2,4,0,0,7,5.08127,5.371177,1,0.4413674,1,
2022-06-14,MD,44,2,4,0,0,7,5.940702,6.274173,1,0.4413674,1,
2022-06-14,MD,44,2,4,0,0,7,6.796912,7.071217,1,0.4483291,1,
2022-06-14,MD,45,2,5,0,0,7,1.696482,1.975084,1,0.4552907,1,
2022-06-14,MD,45,2,5,0,0,7,2.550549,2.861746,1,0.4413674,1,
2022-06-14,MD,45,2,5,0,0,7,4.239022,4.570248,1,0.4274442,1,
2022-06-14,MD,45,2,5,0,0,7,5.085993,5.371257,1,0.4552907,1,
2022-06-14,MD,45,2,5,0,0,7,5.944098,6.206156,1,0.4622523,1,
2022-06-14,MD,45,2,5,0,0,7,6.792679,7.061924,1,0.4413674,1,
2022-06-14,MD,46,2,6,0,0,7,1.84841,2.152862,1,0.4622523,1,
2022-06-14,MD,46,2,6,0,0,7,2.683479,2.984925,1,0.4274442,1,
2022-06-14,MD,46,2,6,0,0,7,3.515135,3.796247,1,0.4274442,1,
2022-06-14,MD,46,2,6,0,0,7,4.350961,4.649628,1,0.4204825,1,
2022-06-14,MD,46,2,6,0,0,7,5.190939,5.560362,1,0.4552907,1,
2022-06-14,MD,46,2,6,0,0,7,6.039231,6.362064,1,0.4552907,1,
2022-06-14,MD,46,2,6,0,0,7,7.194444,7.561554,1,0.4204825,1,
2022-06-14,MD,47,2,7,0,0,8,1.92958,2.307432,1,0.4483291,1,
2022-06-14,MD,47,2,7,0,0,8,2.774312,3.074091,1,0.4622523,1,
2022-06-14,MD,47,2,7,0,0,8,3.617368,3.917381,1,0.4483291,1,
2022-06-14,MD,47,2,7,0,0,8,4.459995,4.793974,1,0.4274442,1,
2022-06-14,MD,47,2,7,0,0,8,5.303384,5.637897,1,0.4552907,1,
2022-06-14,MD,47,2,7,0,0,8,6.142817,6.461519,1,0.4344058,1,
2022-06-14,MD,47,2,7,0,0,8,6.982481,7.281804,1,0.4552907,1,
2022-06-14,MD,47,2,7,0,0,8,7.843101,8.171939,1,0.4204825,1,
2022-06-14,MD,48,2,8,0,0,8,2.096376,2.396408,1,0.4552907,1,
2022-06-14,MD,48,2,8,0,0,8,2.93824,0,0,0.4552907,1,
2022-06-14,MD,48,2,8,0,0,8,3.793479,4.107862,1,0.4274442,1,
2022-06-14,MD,48,2,8,0,0,8,4.638482,4.927217,1,0.4552907,1,
2022-06-14,MD,48,2,8,0,0,8,5.49244,5.781813,1,0.4483291,1,
2022-06-14,MD,48,2,8,0,0,8,6.328942,6.627244,1,0.4552907,1,
2022-06-14,MD,48,2,8,0,0,8,7.171975,7.483166,1,0.4483291,1,
2022-06-14,MD,48,2,8,0,0,8,8.016221,8.305279,1,0.4552907,1,
2022-06-14,MD,49,2,9,0,0,8,1.750634,2.061801,1,0.4274442,1,
2022-06-14,MD,49,2,9,0,0,8,2.593115,2.903865,1,0.4413674,1,
2022-06-14,MD,49,2,9,0,0,8,3.438782,3.709148,1,0.4204825,1,
2022-06-14,MD,49,2,9,0,0,8,4.282968,4.559289,1,0.4483291,1,
2022-06-14,MD,49,2,9,0,0,8,5.12508,5.428013,1,0.4274442,1,
2022-06-14,MD,49,2,9,0,0,8,5.960728,6.219175,1,0.4204825,1,
2022-06-14,MD,49,2,9,0,0,8,6.802616,0,0,0.4552907,1,
2022-06-14,MD,49,2,9,0,0,8,7.647196,7.947001,1,0.4552907,1,
2022-06-14,MD,50,2,10,0,0,7,1.838016,2.209594,1,0.4552907,1,
2022-06-14,MD,50,2,10,0,0,7,2.673639,2.974538,1,0.4483291,1,
2022-06-14,MD,50,2,10,0,0,7,3.530523,3.844888,1,0.4204825,1,
2022-06-14,MD,50,2,10,0,0,7,4.372452,4.662702,1,0.4552907,1,
2022-06-14,MD,50,2,10,0,0,7,5.215962,5.607816,1,0.4483291,1,
2022-06-14,MD,50,2,10,0,0,7,6.06221,6.36249,1,0.4344058,1,
2022-06-14,MD,50,2,10,0,0,7,6.902861,7.19158,1,0.4204825,1,
2022-06-14,MD,51,2,11,0,0,8,2.267764,2.590143,1,0.4622523,1,
2022-06-14,MD,51,2,11,0,0,8,3.943039,0,0,0.4483291,1,3.338333,
2022-06-14,MD,51,2,11,0,0,8,4.788679,5.112827,1,0.4483291,1,3.338333,
2022-06-14,MD,51,2,11,0,0,8,5.630496,5.95254,1,0.4622523,1,3.338333,
2022-06-14,MD,51,2,11,0,0,8,6.466829,6.770587,1,0.4552907,1,3.338333,
2022-06-14,MD,51,2,11,0,0,8,7.308503,7.617961,1,0.4622523,1,3.338333,
2022-06-14,MD,51,2,11,0,0,8,8.144686,0,0,0.4622523,1,3.338333,
2022-06-14,MD,52,2,12,0,0,8,1.805243,2.152968,1,0.4483291,1,
2022-06-14,MD,52,2,12,0,0,8,3.497415,3.969946,1,0.4204825,1,
2022-06-14,MD,52,2,12,0,0,8,4.341511,4.673739,1,0.4552907,1,
2022-06-14,MD,52,2,12,0,0,8,5.173748,5.47859,1,0.4344058,1,
2022-06-14,MD,52,2,12,0,0,8,6.013707,6.307136,1,0.4622523,1,
2022-06-14,MD,52,2,12,0,0,8,6.850633,0,0,0.4344058,1,
2022-06-14,MD,52,2,12,0,0,8,7.695349,8.036357,1,0.4204825,1,
2022-06-14,MD,53,2,13,0,0,7,1.735863,2.046715,1,0.4344058,1,
2022-06-14,MD,53,2,13,0,0,7,2.584142,2.884763,1,0.4622523,1,
2022-06-14,MD,53,2,13,0,0,7,3.444892,3.754656,1,0.4552907,1,
2022-06-14,MD,53,2,13,0,0,7,4.293388,4.615883,1,0.4204825,1,
2022-06-14,MD,53,2,13,0,0,7,5.152698,5.417592,1,0.4622523,1,
2022-06-14,MD,53,2,13,0,0,7,5.995644,6.27099,1,0.4552907,1,
2022-06-14,MD,53,2,13,0,0,7,6.835579,0,0,0.4622523,1,
2022-06-14,MD,54,2,14,0,0,8,2.133037,2.424667,1,0.4552907,1,
2022-06-14,MD,54,2,14,0,0,8,2.995058,0,0,0.4274442,1,
2022-06-14,MD,54,2,14,0,0,8,3.828589,4.231057,1,0.4622523,1,
2022-06-14,MD,54,2,14,0,0,8,4.672759,5.171383,1,0.4622523,1,
2022-06-14,MD,54,2,14,0,0,8,5.516308,5.947482,1,0.4274442,1,
2022-06-14,MD,54,2,14,0,0,8,6.357767,6.649728,1,0.4483291,1,
2022-06-14,MD,54,2,14,0,0,8,7.197476,7.497695,1,0.4204825,1,
2022-06-14,MD,54,2,14,0,0,8,8.045928,8.335037,1,0.4483291,1,
2022-06-14,MD,55,2,15,0,0,8,1.892634,2.289255,1,0.4274442,1,
2022-06-14,MD,55,2,15,0,0,8,2.72877,3.150273,1,0.4204825,1,
2022-06-14,MD,55,2,15,0,0,8,3.569439,3.92601,1,0.4344058,1,
2022-06-14,MD,55,2,15,0,0,8,4.40639,4.787173,1,0.4344058,1,
2022-06-14,MD,55,2,15,0,0,8,5.26039,5.596673,1,0.4413674,1,
2022-06-14,MD,55,2,15,0,0,8,6.094835,6.416154,1,0.4552907,1,
2022-06-14,MD,55,2,15,0,0,8,6.939301,0,0,0.4483291,1,
2022-06-14,MD,55,2,15,0,0,8,7.777223,8.206327,1,0.4552907,1,
2022-06-14,MD,56,2,16,0,0,8,1.851028,0,0,0.4274442,1,
2022-06-14,MD,56,2,16,0,0,8,3.033877,0,0,0.4344058,1,
2022-06-14,MD,56,2,16,0,0,8,4.732197,0,0,0.4274442,1,4.144078,
2022-06-14,MD,56,2,16,0,0,8,5.577145,5.982157,1,0.4413674,1,4.144078,
2022-06-14,MD,56,2,16,0,0,8,6.410988,6.762237,1,0.4552907,1,4.144078,
2022-06-14,MD,56,2,16,0,0,8,7.263664,7.555655,1,0.4413674,1,4.144078,
2022-06-14,MD,56,2,16,0,0,8,8.098438,8.407619,1,0.4483291,1,4.144078,
2022-06-14,MD,57,2,17,0,0,8,1.839382,2.17976,1,0.4483291,1,
2022-06-14,MD,57,2,17,0,0,8,2.680033,2.979146,1,0.4204825,1,
2022-06-14,MD,57,2,17,0,0,8,3.52116,0,0,0.4622523,1,
2022-06-14,MD,57,2,17,0,0,8,4.367617,4.666924,1,0.4622523,1,
2022-06-14,MD,57,2,17,0,0,8,5.211352,5.497433,1,0.4552907,1,
2022-06-14,MD,57,2,17,0,0,8,6.046217,6.378159,1,0.4274442,1,
2022-06-14,MD,57,2,17,0,0,8,6.889657,7.362781,1,0.4483291,1,
2022-06-14,MD,57,2,17,0,0,8,7.750343,8.0213,1,0.4344058,1,
2022-06-14,MD,58,2,18,0,0,8,1.805761,0,0,0.4344058,1,
2022-06-14,MD,58,2,18,0,0,8,2.651211,2.920336,1,0.4622523,1,
2022-06-14,MD,58,2,18,0,0,8,3.494112,3.772053,1,0.4204825,1,
2022-06-14,MD,58,2,18,0,0,8,4.328408,4.60523,1,0.4274442,1,
2022-06-14,MD,58,2,18,0,0,8,5.168295,5.445792,1,0.4622523,1,
2022-06-14,MD,58,2,18,0,0,8,6.005093,6.316791,1,0.4622523,1,
2022-06-14,MD,58,2,18,0,0,8,6.847269,7.155103,1,0.4344058,1,
2022-06-14,MD,58,2,18,0,0,8,7.682164,7.980305,1,0.4204825,1,
2022-06-14,MD,59,2,19,0,0,8,2.21591,0,0,0.4483291,1,
2022-06-14,MD,59,2,19,0,0,8,3.049475,3.349534,1,0.4204825,1,
2022-06-14,MD,59,2,19,0,0,8,3.893801,4.182675,1,0.4204825,1,
2022-06-14,MD,59,2,19,0,0,8,4.754003,5.065768,1,0.4413674,1,
2022-06-14,MD,59,2,19,0,0,8,5.601492,5.905461,1,0.4552907,1,
2022-06-14,MD,59,2,19,0,0,8,6.438575,6.836857,1,0.4413674,1,
2022-06-14,MD,59,2,19,0,0,8,7.280441,7.60233,1,0.4413674,1,
2022-06-14,MD,59,2,19,0,0,8,8.125608,8.425483,1,0.4552907,1,
2022-06-14,MD,60,3,0,0,1,8,1.944896,2.340141,1,0.4413674,1,
2022-06-14,MD,60,3,0,0,1,8,2.785881,3.104909,1,0.4622523,1,
2022-06-14,MD,60,3,0,0,1,8,3.62656,0,0,0.4344058,1,
2022-06-14,MD,60,3,0,0,1,8,4.472923,4.770905,1,0.4622523,1,
2022-06-14,MD,60,3,0,0,1,8,5.316266,5.607039,1,0.4344058,1,
2022-06-14,MD,60,3,0,0,1,8,6.150505,6.455449,1,0.4483291,1,
2022-06-14,MD,60,3,0,0,1,8,6.98991,7.293196,1,0.4483291,1,
2022-06-14,MD,60,3,0,0,1,8,7.829188,0,0,0.4344058,1,
2022-06-14,MD,61,3,1,0,1,8,1.85555,2.243977,1,0.4622523,1,
2022-06-14,MD,61,3,1,0,1,8,2.68972,2.98865,1,0.4344058,1,
2022-06-14,MD,61,3,1,0,1,8,3.53346,3.898894,1,0.4622523,1,
2022-06-14,MD,61,3,1,0,1,8,4.366412,4.688406,1,0.4204825,1,
2022-06-14,MD,61,3,1,0,1,8,5.208246,5.732053,1,0.4413674,1,
2022-06-14,MD,61,3,1,0,1,8,6.053659,6.375221,1,0.4552907,1,
2022-06-14,MD,61,3,1,0,1,8,6.897282,7.272657,1,0.4344058,1,
2022-06-14,MD,61,3,1,0,1,8,7.730462,8.065016,1,0.4552907,1,
2022-06-14,MD,62,3,2,0,1,8,1.816706,2.294739,1,0.4274442,1,
2022-06-14,MD,62,3,2,0,1,8,2.650317,0,0,0.4204825,1,
2022-06-14,MD,62,3,2,0,1,8,3.484618,3.867809,1,0.4344058,1,
2022-06-14,MD,62,3,2,0,1,8,4.326382,4.671722,1,0.4413674,1,
2022-06-14,MD,62,3,2,0,1,8,5.169762,5.470499,1,0.4413674,1,
2022-06-14,MD,62,3,2,0,1,8,6.000938,6.281855,1,0.4344058,1,
2022-06-14,MD,62,3,2,0,1,8,6.838273,7.169443,1,0.4274442,1,
2022-06-14,MD,62,3,2,0,1,8,7.681397,8.144193,1,0.4552907,1,
2022-06-14,MD,63,3,3,0,1,7,1.855836,2.177076,1,0.4274442,1,
2022-06-14,MD,63,3,3,0,1,7,2.689962,2.994749,1,0.4413674,1,
2022-06-14,MD,63,3,3,0,1,7,3.530246,3.843325,1,0.4483291,1,
2022-06-14,MD,63,3,3,0,1,7,4.367199,0,0,0.4204825,1,
2022-06-14,MD,63,3,3,0,1,7,5.209548,5.596915,1,0.4344058,1,
2022-06-14,MD,63,3,3,0,1,7,6.054801,6.418859,1,0.4483291,1,
2022-06-14,MD,63,3,3,0,1,7,6.889526,7.19106,1,0.4204825,1,
2022-06-14,MD,64,3,4,0,1,8,1.710767,2.03178,1,0.4344058,1,
2022-06-14,MD,64,3,4,0,1,8,2.543962,2.853901,1,0.4413674,1,
2022-06-14,MD,64,3,4,0,1,8,3.387476,3.687841,1,0.4552907,1,
2022-06-14,MD,64,3,4,0,1,8,4.22125,0,0,0.4552907,1,
2022-06-14,MD,64,3,4,0,1,8,5.065058,5.409064,1,0.4204825,1,
2022-06-14,MD,64,3,4,0,1,8,5.907326,6.186889,1,0.4552907,1,
2022-06-14,MD,64,3,4,0,1,8,6.741177,7.046274,1,0.4204825,1,
2022-06-14,MD,64,3,4,0,1,8,7.575513,7.940427,1,0.4552907,1,
2022-06-14,MD,65,3,5,0,1,8,2.321927,2.696573,1,0.4274442,1,
2022-06-14,MD,65,3,5,0,1,8,3.165869,0,0,0.4204825,1,
2022-06-14,MD,65,3,5,0,1,8,4.00844,4.318867,1,0.4413674,1,
2022-06-14,MD,65,3,5,0,1,8,4.85042,5.1751,1,0.4483291,1,
2022-06-14,MD,65,3,5,0,1,8,5.69945,6.000385,1,0.4622523,1,
2022-06-14,MD,65,3,5,0,1,8,6.541037,6.839175,1,0.4413674,1,
2022-06-14,MD,65,3,5,0,1,8,7.37463,7.752722,1,0.4483291,1,
2022-06-14,MD,65,3,5,0,1,8,8.218454,8.529512,1,0.4552907,1,
2022-06-14,MD,66,3,6,0,1,8,1.829821,2.134458,1,0.4413674,1,
2022-06-14,MD,66,3,6,0,1,8,2.677366,2.982891,1,0.4344058,1,
2022-06-14,MD,66,3,6,0,1,8,3.521046,3.828876,1,0.4622523,1,
2022-06-14,MD,66,3,6,0,1,8,4.365924,0,0,0.4204825,1,
2022-06-14,MD,66,3,6,0,1,8,5.208638,5.491505,1,0.4552907,1,
2022-06-14,MD,66,3,6,0,1,8,6.052643,6.353977,1,0.4204825,1,
2022-06-14,MD,66,3,6,0,1,8,6.88955,7.189219,1,0.4274442,1,
2022-06-14,MD,66,3,6,0,1,8,7.73073,8.093542,1,0.4622523,1,
2022-06-14,MD,67,3,7,0,1,8,1.986873,2.343319,1,0.4204825,1,
2022-06-14,MD,67,3,7,0,1,8,2.820869,3.360827,1,0.4413674,1,
2022-06-14,MD,67,3,7,0,1,8,3.663821,3.975189,1,0.4413674,1,
2022-06-14,MD,67,3,7,0,1,8,4.506064,4.828315,1,0.4552907,1,
2022-06-14,MD,67,3,7,0,1,8,5.366331,5.742407,1,0.4344058,1,
2022-06-14,MD,67,3,7,0,1,8,6.217608,6.518537,1,0.4552907,1,
2022-06-14,MD,67,3,7,0,1,8,7.106616,7.417595,1,0.4483291,1,
2022-06-14,MD,67,3,7,0,1,8,7.94801,8.350979,1,0.4483291,1,
2022-06-14,MD,68,3,8,0,1,8,2.378043,2.729459,1,0.4552907,1,
2022-06-14,MD,68,3,8,0,1,8,3.213136,0,0,0.4413674,1,
2022-06-14,MD,68,3,8,0,1,8,4.055847,4.333524,1,0.4274442,1,
2022-06-14,MD,68,3,8,0,1,8,4.896561,5.18802,1,0.4622523,1,
2022-06-14,MD,68,3,8,0,1,8,5.7318,6.042993,1,0.4552907,1,
2022-06-14,MD,68,3,8,0,1,8,6.576538,6.920639,1,0.4274442,1,
2022-06-14,MD,68,3,8,0,1,8,7.410045,7.765486,1,0.4413674,1,
2022-06-14,MD,69,3,9,0,1,8,1.590237,0,0,0.4344058,1,
2022-06-14,MD,69,3,9,0,1,8,2.432853,0,0,0.4552907,1,
2022-06-14,MD,69,3,9,0,1,8,3.278323,0,0,0.4483291,1,
2022-06-14,MD,69,3,9,0,1,8,4.121222,4.602162,1,0.4274442,1,
2022-06-14,MD,69,3,9,0,1,8,4.956176,5.286266,1,0.4483291,1,
2022-06-14,MD,69,3,9,0,1,8,5.79929,6.120152,1,0.4344058,1,
2022-06-14,MD,69,3,9,0,1,8,6.659659,6.96979,1,0.4552907,1,
2022-06-14,MD,69,3,9,0,1,8,7.506852,7.799027,1,0.4204825,1,
2022-06-14,MD,70,3,10,0,1,7,1.901775,2.249955,1,0.4413674,1,
2022-06-14,MD,70,3,10,0,1,7,2.76762,3.222998,1,0.4274442,1,
2022-06-14,MD,70,3,10,0,1,7,3.610555,3.890678,1,0.4344058,1,
2022-06-14,MD,70,3,10,0,1,7,4.46356,4.789363,1,0.4344058,1,
2022-06-14,MD,70,3,10,0,1,7,5.300267,5.60026,1,0.4552907,1,
2022-06-14,MD,70,3,10,0,1,7,6.144476,6.448119,1,0.4344058,1,
2022-06-14,MD,70,3,10,0,1,7,7.788304,0,0,0.4552907,1,
2022-06-14,MD,71,3,11,0,1,8,1.830303,2.188739,1,0.4413674,1,
2022-06-14,MD,71,3,11,0,1,8,2.681005,2.993387,1,0.4622523,1,
2022-06-14,MD,71,3,11,0,1,8,3.532205,3.839455,1,0.4552907,1,
2022-06-14,MD,71,3,11,0,1,8,5.233349,5.637559,1,0.4483291,1,
2022-06-14,MD,71,3,11,0,1,8,6.075993,6.412519,1,0.4552907,1,
2022-06-14,MD,71,3,11,0,1,8,6.931367,7.297055,1,0.4552907,1,
2022-06-14,MD,72,3,12,0,1,8,1.877498,2.271373,1,0.4483291,1,
2022-06-14,MD,72,3,12,0,1,8,2.734917,3.047339,1,0.4413674,1,
2022-06-14,MD,72,3,12,0,1,8,4.447106,4.755819,1,0.4344058,1,
2022-06-14,MD,72,3,12,0,1,8,5.286575,5.5859,1,0.4274442,1,
2022-06-14,MD,72,3,12,0,1,8,6.130834,0,0,0.4483291,1,
2022-06-14,MD,72,3,12,0,1,8,6.974799,7.285993,1,0.4622523,1,
2022-06-14,MD,72,3,12,0,1,8,7.822617,8.217368,1,0.4622523,1,
2022-06-14,MD,73,3,13,0,1,8,2.032071,2.435685,1,0.4622523,1,
2022-06-14,MD,73,3,13,0,1,8,2.865036,3.171391,1,0.4552907,1,
2022-06-14,MD,73,3,13,0,1,8,3.708573,4.019017,1,0.4483291,1,
2022-06-14,MD,73,3,13,0,1,8,4.570664,4.907181,1,0.4552907,1,
2022-06-14,MD,73,3,13,0,1,8,5.407324,5.708477,1,0.4483291,1,
2022-06-14,MD,73,3,13,0,1,8,6.241378,6.543049,1,0.4552907,1,
2022-06-14,MD,73,3,13,0,1,8,7.096082,7.430305,1,0.4483291,1,
2022-06-14,MD,73,3,13,0,1,8,7.940371,8.242032,1,0.4552907,1,
2022-06-14,MD,74,3,14,0,1,7,1.738988,2.050242,1,0.4622523,1,
2022-06-14,MD,74,3,14,0,1,7,2.5894,2.889133,1,0.4413674,1,
2022-06-14,MD,74,3,14,0,1,7,3.421269,3.756813,1,0.4344058,1,
2022-06-14,MD,74,3,14,0,1,7,4.277089,4.576774,1,0.4344058,1,
2022-06-14,MD,74,3,14,0,1,7,5.121084,5.398734,1,0.4483291,1,
2022-06-14,MD,74,3,14,0,1,7,5.983453,6.265201,1,0.4622523,1,
2022-06-14,MD,74,3,14,0,1,7,6.82033,7.109704,1,0.4483291,1,
2022-06-14,MD,75,3,15,0,1,8,1.966088,2.310328,1,0.4413674,1,
2022-06-14,MD,75,3,15,0,1,8,2.80963,3.083872,1,0.4483291,1,
2022-06-14,MD,75,3,15,0,1,8,3.655143,3.931813,1,0.4344058,1,
2022-06-14,MD,75,3,15,0,1,8,4.497989,4.775308,1,0.4483291,1,
2022-06-14,MD,75,3,15,0,1,8,6.197477,6.519382,1,0.4552907,1,5.67117,
2022-06-14,MD,75,3,15,0,1,8,7.041055,0,0,0.4274442,1,5.67117,
2022-06-14,MD,75,3,15,0,1,8,7.884533,8.229177,1,0.4344058,1,5.67117,
2022-06-14,MD,76,3,16,0,1,7,1.822771,0,0,0.4204825,1,
2022-06-14,MD,76,3,16,0,1,7,2.665846,2.976612,1,0.4483291,1,
2022-06-14,MD,76,3,16,0,1,7,3.519948,3.864812,1,0.4344058,1,
2022-06-14,MD,76,3,16,0,1,7,4.364271,4.689186,1,0.4483291,1,
2022-06-14,MD,76,3,16,0,1,7,5.225567,5.53529,1,0.4483291,1,
2022-06-14,MD,76,3,16,0,1,7,7.752028,0,0,0.4274442,1,
2022-06-14,MD,77,3,17,0,1,8,1.933937,2.299736,1,0.4483291,1,
2022-06-14,MD,77,3,17,0,1,8,2.791391,3.057606,1,0.4344058,1,
2022-06-14,MD,77,3,17,0,1,8,3.64557,3.924246,1,0.4274442,1,
2022-06-14,MD,77,3,17,0,1,8,4.487641,4.787615,1,0.4622523,1,
2022-06-14,MD,77,3,17,0,1,8,5.323668,0,0,0.4483291,1,
2022-06-14,MD,77,3,17,0,1,8,6.166271,6.523329,1,0.4204825,1,
2022-06-14,MD,77,3,17,0,1,8,7.009487,7.31136,1,0.4622523,1,
2022-06-14,MD,77,3,17,0,1,8,7.846218,8.303835,1,0.4274442,1,
2022-06-14,MD,78,3,18,0,1,8,1.832737,2.172401,1,0.4204825,1,
2022-06-14,MD,78,3,18,0,1,8,2.682639,3.094791,1,0.4274442,1,
2022-06-14,MD,78,3,18,0,1,8,3.517192,3.947372,1,0.4552907,1,
2022-06-14,MD,78,3,18,0,1,8,4.359134,0,0,0.4204825,1,
2022-06-14,MD,78,3,18,0,1,8,5.194546,5.572538,1,0.4413674,1,
2022-06-14,MD,78,3,18,0,1,8,6.038951,6.392557,1,0.4483291,1,
2022-06-14,MD,78,3,18,0,1,8,6.881379,7.274438,1,0.4552907,1,
2022-06-14,MD,78,3,18,0,1,8,7.740495,8.0825,1,0.4622523,1,
2022-06-14,MD,79,3,19,0,1,8,1.801797,2.103611,1,0.4274442,1,
2022-06-14,MD,79,3,19,0,1,8,2.636026,2.987195,1,0.4552907,1,
2022-06-14,MD,79,3,19,0,1,8,3.495785,3.805404,1,0.4483291,1,
2022-06-14,MD,79,3,19,0,1,8,4.345308,4.632671,1,0.4622523,1,
2022-06-14,MD,79,3,19,0,1,8,5.206141,5.488091,1,0.4552907,1,
2022-06-14,MD,79,3,19,0,1,8,6.054558,6.366201,1,0.4274442,1,
2022-06-14,MD,79,3,19,0,1,8,6.889391,7.306961,1,0.4622523,1,
2022-06-14,MD,79,3,19,0,1,8,7.731255,0,0,0.4622523,1,
2022-06-14,MD,80,4,0,0,0,8,1.74224,2.127811,1,0.4622523,1,
2022-06-14,MD,80,4,0,0,0,8,2.595678,0,0,0.4552907,1,
2022-06-14,MD,80,4,0,0,0,8,3.453852,3.782549,1,0.4344058,1,
2022-06-14,MD,80,4,0,0,0,8,4.304596,4.626708,1,0.4622523,1,
2022-06-14,MD,80,4,0,0,0,8,5.163228,5.474813,1,0.4483291,1,
2022-06-14,MD,80,4,0,0,0,8,6.00572,6.303907,1,0.4552907,1,
2022-06-14,MD,80,4,0,0,0,8,6.848752,7.188896,1,0.4552907,1,
2022-06-14,MD,80,4,0,0,0,8,7.692911,8.01533,1,0.4483291,1,
2022-06-14,MD,81,4,1,0,0,8,1.850582,0,0,0.4274442,1,
2022-06-14,MD,81,4,1,0,0,8,2.685062,0,0,0.4622523,1,
2022-06-14,MD,81,4,1,0,0,8,3.529267,3.858766,1,0.4483291,1,
2022-06-14,MD,81,4,1,0,0,8,4.38257,4.69349,1,0.4204825,1,
2022-06-14,MD,81,4,1,0,0,8,5.238091,5.594053,1,0.4344058,1,
2022-06-14,MD,81,4,1,0,0,8,6.071935,6.380836,1,0.4622523,1,
2022-06-14,MD,81,4,1,0,0,8,6.91514,0,0,0.4483291,1,
2022-06-14,MD,81,4,1,0,0,8,7.759012,8.092711,1,0.4622523,1,
2022-06-14,MD,82,4,2,0,0,8,1.873411,2.194957,1,0.4552907,1,
2022-06-14,MD,82,4,2,0,0,8,2.80538,3.183663,1,0.4344058,1,
2022-06-14,MD,82,4,2,0,0,8,3.661732,4.013577,1,0.4274442,1,
2022-06-14,MD,82,4,2,0,0,8,5.372213,5.717165,1,0.4552907,1,
2022-06-14,MD,82,4,2,0,0,8,6.21489,6.57668,1,0.4344058,1,
2022-06-14,MD,82,4,2,0,0,8,7.048585,7.326821,1,0.4413674,1,
2022-06-14,MD,82,4,2,0,0,8,7.892827,8.214994,1,0.4344058,1,
2022-06-14,MD,83,4,3,0,0,8,1.772462,2.261839,1,0.4344058,1,
2022-06-14,MD,83,4,3,0,0,8,2.616789,2.985304,1,0.4344058,1,
2022-06-14,MD,83,4,3,0,0,8,3.458899,3.770437,1,0.4622523,1,
2022-06-14,MD,83,4,3,0,0,8,4.293415,4.593632,1,0.4204825,1,
2022-06-14,MD,83,4,3,0,0,8,5.127929,5.414066,1,0.4622523,1,
2022-06-14,MD,83,4,3,0,0,8,5.982792,6.325881,1,0.4274442,1,
2022-06-14,MD,83,4,3,0,0,8,6.826027,7.126713,1,0.4483291,1,
2022-06-14,MD,83,4,3,0,0,8,7.671624,7.992882,1,0.4552907,1,
2022-06-14,MD,84,4,4,0,0,8,1.701255,1.980159,1,0.4552907,1,
2022-06-14,MD,84,4,4,0,0,8,2.542439,2.855954,1,0.4344058,1,
2022-06-14,MD,84,4,4,0,0,8,3.394164,3.706055,1,0.4413674,1,
2022-06-14,MD,84,4,4,0,0,8,4.232934,4.543751,1,0.4622523,1,
2022-06-14,MD,84,4,4,0,0,8,5.073813,0,0,0.4344058,1,
2022-06-14,MD,84,4,4,0,0,8,5.918988,6.221997,1,0.4483291,1,
2022-06-14,MD,84,4,4,0,0,8,6.75293,7.020711,1,0.4204825,1,
2022-06-14,MD,84,4,4,0,0,8,7.598215,7.909104,1,0.4552907,1,
2022-06-14,MD,85,4,5,0,0,8,1.839203,2.180419,1,0.4552907,1,
2022-06-14,MD,85,4,5,0,0,8,2.683952,2.994496,1,0.4344058,1,
2022-06-14,MD,85,4,5,0,0,8,3.5377,3.838001,1,0.4483291,1,
2022-06-14,MD,85,4,5,0,0,8,4.372087,4.712729,1,0.4552907,1,
2022-06-14,MD,85,4,5,0,0,8,6.932264,7.411779,1,0.4622523,1,
2022-06-14,MD,85,4,5,0,0,8,7.781336,8.115417,1,0.4413674,1,
2022-06-14,MD,86,4,6,0,0,8,1.867343,2.188448,1,0.4344058,1,
2022-06-14,MD,86,4,6,0,0,8,2.719096,3.052857,1,0.4413674,1,
2022-06-14,MD,86,4,6,0,0,8,4.398155,0,0,0.4483291,1,
2022-06-14,MD,86,4,6,0,0,8,5.239734,5.599229,1,0.4552907,1,
2022-06-14,MD,86,4,6,0,0,8,6.077021,6.375616,1,0.4344058,1,
2022-06-14,MD,86,4,6,0,0,8,7.75569,8.121889,1,0.4274442,1,
2022-06-14,MD,87,4,7,0,0,7,1.91027,2.29458,1,0.4622523,1,
2022-06-14,MD,87,4,7,0,0,7,2.751425,3.071482,1,0.4344058,1,
2022-06-14,MD,87,4,7,0,0,7,3.592504,0,0,0.4552907,1,
2022-06-14,MD,87,4,7,0,0,7,4.438231,4.737138,1,0.4552907,1,
2022-06-14,MD,87,4,7,0,0,7,5.282023,5.614861,1,0.4204825,1,
2022-06-14,MD,87,4,7,0,0,7,6.113473,6.437873,1,0.4622523,1,
2022-06-14,MD,87,4,7,0,0,7,6.959141,7.268828,1,0.4483291,1,
2022-06-14,MD,88,4,8,0,0,8,1.984035,2.417438,1,0.4204825,1,
2022-06-14,MD,88,4,8,0,0,8,2.833807,3.139106,1,0.4274442,1,
2022-06-14,MD,88,4,8,0,0,8,3.671516,3.97188,1,0.4413674,1,
2022-06-14,MD,88,4,8,0,0,8,4.531741,4.817251,1,0.4622523,1,
2022-06-14,MD,88,4,8,0,0,8,5.38227,5.681964,1,0.4274442,1,
2022-06-14,MD,88,4,8,0,0,8,6.242671,6.625899,1,0.4204825,1,
2022-06-14,MD,88,4,8,0,0,8,7.28273,7.604622,1,0.4413674,1,
2022-06-14,MD,88,4,8,0,0,8,8.11718,8.459211,1,0.4204825,1,
2022-06-14,MD,89,4,9,0,0,7,1.614057,1.922589,1,0.4413674,1,
2022-06-14,MD,89,4,9,0,0,7,2.46328,2.729391,1,0.4274442,1,
2022-06-14,MD,89,4,9,0,0,7,3.319475,3.696163,1,0.4204825,1,
2022-06-14,MD,89,4,9,0,0,7,4.162672,4.495477,1,0.4483291,1,
2022-06-14,MD,89,4,9,0,0,7,4.99533,5.285033,1,0.4413674,1,
2022-06-14,MD,89,4,9,0,0,7,5.849911,6.150392,1,0.4413674,1,
2022-06-14,MD,89,4,9,0,0,7,6.685329,6.962419,1,0.4622523,1,
2022-06-14,MD,90,4,10,0,0,7,1.838155,0,0,0.4552907,1,
2022-06-14,MD,90,4,10,0,0,7,2.682164,0,0,0.4413674,1,
2022-06-14,MD,90,4,10,0,0,7,3.525292,3.952115,1,0.4552907,1,
2022-06-14,MD,90,4,10,0,0,7,4.357419,4.681085,1,0.4483291,1,
2022-06-14,MD,90,4,10,0,0,7,6.039621,6.378409,1,0.4274442,1,
2022-06-14,MD,90,4,10,0,0,7,6.880768,0,0,0.4483291,1,
2022-06-14,MD,91,4,11,0,0,8,2.208984,2.639147,1,0.4344058,1,
2022-06-14,MD,91,4,11,0,0,8,3.061324,3.39588,1,0.4274442,1,
2022-06-14,MD,91,4,11,0,0,8,3.919559,4.229975,1,0.4344058,1,
2022-06-14,MD,91,4,11,0,0,8,4.770518,5.104085,1,0.4552907,1,
2022-06-14,MD,91,4,11,0,0,8,5.628542,5.943678,1,0.4622523,1,
2022-06-14,MD,91,4,11,0,0,8,6.470032,6.771214,1,0.4552907,1,
2022-06-14,MD,91,4,11,0,0,8,7.304206,7.651636,1,0.4413674,1,
2022-06-14,MD,91,4,11,0,0,8,8.158077,8.514567,1,0.4483291,1,
2022-06-14,MD,92,4,12,0,0,8,2.016134,2.444719,1,0.4344058,1,
2022-06-14,MD,92,4,12,0,0,8,2.850223,3.17308,1,0.4552907,1,
2022-06-14,MD,92,4,12,0,0,8,3.696173,4.015596,1,0.4622523,1,
2022-06-14,MD,92,4,12,0,0,8,4.541466,4.849152,1,0.4204825,1,
2022-06-14,MD,92,4,12,0,0,8,5.399473,5.683299,1,0.4274442,1,
2022-06-14,MD,92,4,12,0,0,8,6.247247,6.580809,1,0.4483291,1,
2022-06-14,MD,92,4,12,0,0,8,7.082039,7.422334,1,0.4622523,1,
2022-06-14,MD,92,4,12,0,0,8,7.927052,8.323386,1,0.4274442,1,
2022-06-14,MD,93,4,13,0,0,8,1.760595,2.249711,1,0.4344058,1,
2022-06-14,MD,93,4,13,0,0,8,2.605533,2.913232,1,0.4344058,1,
2022-06-14,MD,93,4,13,0,0,8,3.463327,3.815562,1,0.4413674,1,
2022-06-14,MD,93,4,13,0,0,8,4.304662,4.699926,1,0.4622523,1,
2022-06-14,MD,93,4,13,0,0,8,5.164182,5.494173,1,0.4413674,1,
2022-06-14,MD,93,4,13,0,0,8,6.015204,6.360542,1,0.4344058,1,
2022-06-14,MD,93,4,13,0,0,8,6.875922,7.187386,1,0.4622523,1,
2022-06-14,MD,94,4,14,0,0,8,2.098988,0,0,0.4204825,1,
2022-06-14,MD,94,4,14,0,0,8,2.941645,0,0,0.4552907,1,
2022-06-14,MD,94,4,14,0,0,8,3.798769,4.184813,1,0.4204825,1,
2022-06-14,MD,94,4,14,0,0,8,4.651162,4.936259,1,0.4274442,1,
2022-06-14,MD,94,4,14,0,0,8,5.511334,5.827882,1,0.4413674,1,
2022-06-14,MD,94,4,14,0,0,8,6.350714,6.647027,1,0.4622523,1,
2022-06-14,MD,94,4,14,0,0,8,7.185595,7.483784,1,0.4483291,1,
2022-06-14,MD,94,4,14,0,0,8,8.027244,8.350085,1,0.4204825,1,
2022-06-14,MD,95,4,15,0,0,8,1.880655,2.237592,1,0.4622523,1,
2022-06-14,MD,95,4,15,0,0,8,2.71671,3.005703,1,0.4204825,1,
2022-06-14,MD,95,4,15,0,0,8,3.571132,3.844065,1,0.4204825,1,
2022-06-14,MD,95,4,15,0,0,8,4.40475,4.815527,1,0.4204825,1,
2022-06-14,MD,95,4,15,0,0,8,5.249089,5.637848,1,0.4274442,1,
2022-06-14,MD,95,4,15,0,0,8,6.093792,6.382205,1,0.4274442,1,
2022-06-14,MD,95,4,15,0,0,8,6.926703,0,0,0.4413674,1,
2022-06-14,MD,95,4,15,0,0,8,7.77014,0,0,0.4274442,1,
2022-06-14,MD,96,4,16,0,0,8,2.074598,2.353494,1,0.4413674,1,
2022-06-14,MD,96,4,16,0,0,8,2.915853,0,0,0.4552907,1,
2022-06-14,MD,96,4,16,0,0,8,3.762851,4.117837,1,0.4483291,1,
2022-06-14,MD,96,4,16,0,0,8,4.597005,4.874141,1,0.4552907,1,
2022-06-14,MD,96,4,16,0,0,8,5.443554,5.717269,1,0.4622523,1,
2022-06-14,MD,96,4,16,0,0,8,6.283882,6.562666,1,0.4413674,1,
2022-06-14,MD,96,4,16,0,0,8,7.128263,7.483492,1,0.4413674,1,
2022-06-14,MD,96,4,16,0,0,8,7.972855,8.271351,1,0.4204825,1,
2022-06-14,MD,97,4,17,0,0,8,1.87321,2.167026,1,0.4483291,1,
2022-06-14,MD,97,4,17,0,0,8,2.706702,3.005723,1,0.4413674,1,
2022-06-14,MD,97,4,17,0,0,8,3.563909,3.817432,1,0.4552907,1,
2022-06-14,MD,97,4,17,0,0,8,4.41259,4.704077,1,0.4552907,1,
2022-06-14,MD,97,4,17,0,0,8,5.249801,5.561672,1,0.4344058,1,
2022-06-14,MD,97,4,17,0,0,8,6.093141,6.438355,1,0.4274442,1,
2022-06-14,MD,97,4,17,0,0,8,6.936619,7.259834,1,0.4622523,1,
2022-06-14,MD,97,4,17,0,0,8,7.772047,8.077616,1,0.4274442,1,
2022-06-14,MD,98,4,18,0,0,8,1.86183,2.199584,1,0.4204825,1,
2022-06-14,MD,98,4,18,0,0,8,2.711295,3.053204,1,0.4552907,1,
2022-06-14,MD,98,4,18,0,0,8,3.569791,3.900184,1,0.4413674,1,
2022-06-14,MD,98,4,18,0,0,8,4.41009,4.699841,1,0.4413674,1,
2022-06-14,MD,98,4,18,0,0,8,5.254717,5.56238,1,0.4344058,1,
2022-06-14,MD,98,4,18,0,0,8,6.108881,6.432812,1,0.4552907,1,
2022-06-14,MD,98,4,18,0,0,8,6.952049,7.304429,1,0.4344058,1,
2022-06-14,MD,98,4,18,0,0,8,7.807356,8.195002,1,0.4274442,1,
2022-06-14,MD,99,4,19,0,0,8,1.887602,2.260671,1,0.4483291,1,
2022-06-14,MD,99,4,19,0,0,8,2.748332,3.025372,1,0.4204825,1,
2022-06-14,MD,99,4,19,0,0,8,3.5994,3.960695,1,0.4483291,1,
2022-06-14,MD,99,4,19,0,0,8,4.439226,4.761622,1,0.4622523,1,
2022-06-14,MD,99,4,19,0,0,8,6.149247,6.449026,1,0.4413674,1,
2022-06-14,MD,99,4,19,0,0,8,6.992323,0,0,0.4413674,1,
2022-06-14,MD,99,4,19,0,0,8,7.83815,8.271476,1,0.4274442,1,
2022-06-14,MD,100,5,0,0,1,8,2.634956,2.983476,1,0.4483291,1,
2022-06-14,MD,100,5,0,0,1,8,4.340968,4.770982,1,0.4413674,1,
2022-06-14,MD,100,5,0,0,1,8,5.182903,5.505013,1,0.4413674,1,
2022-06-14,MD,100,5,0,0,1,8,6.027073,0,0,0.4552907,1,
2022-06-14,MD,100,5,0,0,1,8,7.714711,8.073924,1,0.4622523,1,
2022-06-14,MD,101,5,1,0,1,7,1.778825,2.077917,1,0.4344058,1,
2022-06-14,MD,101,5,1,0,1,7,2.620021,2.924887,1,0.4344058,1,
2022-06-14,MD,101,5,1,0,1,7,3.464271,3.744998,1,0.4274442,1,
2022-06-14,MD,101,5,1,0,1,7,4.299834,4.676254,1,0.4413674,1,
2022-06-14,MD,101,5,1,0,1,7,5.144323,5.466347,1,0.4483291,1,
2022-06-14,MD,101,5,1,0,1,7,7.099927,0,0,0.4344058,1,
2022-06-14,MD,102,5,2,0,1,8,1.710285,2.021871,1,0.4622523,1,
2022-06-14,MD,102,5,2,0,1,8,2.568029,2.875839,1,0.4413674,1,
2022-06-14,MD,102,5,2,0,1,8,3.430533,3.687417,1,0.4413674,1,
2022-06-14,MD,102,5,2,0,1,8,4.266593,4.56866,1,0.4274442,1,
2022-06-14,MD,102,5,2,0,1,8,5.941974,0,0,0.4413674,1,
2022-06-14,MD,102,5,2,0,1,8,6.785646,7.185835,1,0.4204825,1,
2022-06-14,MD,102,5,2,0,1,8,7.62908,7.942123,1,0.4622523,1,
2022-06-14,MD,103,5,3,0,1,7,1.809223,0,0,0.4274442,1,
2022-06-14,MD,103,5,3,0,1,7,2.660481,3.079466,1,0.4344058,1,
2022-06-14,MD,103,5,3,0,1,7,3.49759,3.797097,1,0.4344058,1,
2022-06-14,MD,103,5,3,0,1,7,4.331528,4.66258,1,0.4622523,1,
2022-06-14,MD,103,5,3,0,1,7,5.174018,5.452215,1,0.4204825,1,
2022-06-14,MD,103,5,3,0,1,7,6.035174,6.382671,1,0.4204825,1,
2022-06-14,MD,103,5,3,0,1,7,6.872852,7.183981,1,0.4274442,1,
2022-06-14,MD,104,5,4,0,1,8,1.924036,2.272944,1,0.4552907,1,
2022-06-14,MD,104,5,4,0,1,8,2.774031,3.124673,1,0.4344058,1,
2022-06-14,MD,104,5,4,0,1,8,3.633576,3.94427,1,0.4274442,1,
2022-06-14,MD,104,5,4,0,1,8,4.47236,0,0,0.4483291,1,
2022-06-14,MD,104,5,4,0,1,8,5.316321,0,0,0.4274442,1,
2022-06-14,MD,104,5,4,0,1,8,6.15974,6.482112,1,0.4413674,1,
2022-06-14,MD,104,5,4,0,1,8,6.994375,7.281503,1,0.4483291,1,
2022-06-14,MD,104,5,4,0,1,8,7.837668,8.160911,1,0.4552907,1,
2022-06-14,MD,105,5,5,0,1,7,1.996905,2.342146,1,0.4413674,1,
2022-06-14,MD,105,5,5,0,1,7,2.846166,3.12172,1,0.4622523,1,
2022-06-14,MD,105,5,5,0,1,7,3.689422,3.976251,1,0.4344058,1,
2022-06-14,MD,105,5,5,0,1,7,4.528205,0,0,0.4204825,1,
2022-06-14,MD,105,5,5,0,1,7,5.372628,5.695908,1,0.4274442,1,
2022-06-14,MD,105,5,5,0,1,7,6.207304,6.495758,1,0.4274442,1,
2022-06-14,MD,105,5,5,0,1,7,7.052666,7.354712,1,0.4413674,1,
2022-06-14,MD,106,5,6,0,1,8,1.964949,2.378693,1,0.4413674,1,
2022-06-14,MD,106,5,6,0,1,8,2.800337,3.087752,1,0.4483291,1,
2022-06-14,MD,106,5,6,0,1,8,3.650097,3.932691,1,0.4622523,1,
2022-06-14,MD,106,5,6,0,1,8,4.488215,4.754076,1,0.4204825,1,
2022-06-14,MD,106,5,6,0,1,8,5.330956,5.638479,1,0.4552907,1,
2022-06-14,MD,106,5,6,0,1,8,6.164417,6.452157,1,0.4413674,1,
2022-06-14,MD,106,5,6,0,1,8,7.036169,7.441749,1,0.4204825,1,
2022-06-14,MD,106,5,6,0,1,8,7.885591,8.279672,1,0.4552907,1,
2022-06-14,MD,107,5,7,0,1,8,1.780577,0,0,0.4413674,1,
2022-06-14,MD,107,5,7,0,1,8,2.616831,2.944177,1,0.4204825,1,
2022-06-14,MD,107,5,7,0,1,8,3.471356,3.775141,1,0.4483291,1,
2022-06-14,MD,107,5,7,0,1,8,4.313057,4.590857,1,0.4552907,1,
2022-06-14,MD,107,5,7,0,1,8,5.173042,5.434813,1,0.4483291,1,
2022-06-14,MD,107,5,7,0,1,8,6.0234,6.301336,1,0.4552907,1,
2022-06-14,MD,107,5,7,0,1,8,6.88189,7.16914,1,0.4622523,1,
2022-06-14,MD,107,5,7,0,1,8,7.734139,8.023179,1,0.4413674,1,
2022-06-14,MD,108,5,8,0,1,8,1.779233,2.111076,1,0.4274442,1,
2022-06-14,MD,108,5,8,0,1,8,3.478053,3.84375,1,0.4344058,1,
2022-06-14,MD,108,5,8,0,1,8,4.321691,4.633778,1,0.4344058,1,
2022-06-14,MD,108,5,8,0,1,8,5.164511,5.511594,1,0.4552907,1,
2022-06-14,MD,108,5,8,0,1,8,6.006387,6.306785,1,0.4413674,1,
2022-06-14,MD,108,5,8,0,1,8,6.84404,7.168092,1,0.4204825,1,
2022-06-14,MD,108,5,8,0,1,8,7.678071,7.986814,1,0.4413674,1,
2022-06-14,MD,109,5,9,0,1,8,2.009167,2.297759,1,0.4344058,1,
2022-06-14,MD,109,5,9,0,1,8,2.867329,3.145386,1,0.4622523,1,
2022-06-14,MD,109,5,9,0,1,8,3.731536,4.009791,1,0.4344058,1,
2022-06-14,MD,109,5,9,0,1,8,4.58553,4.874351,1,0.4204825,1,
2022-06-14,MD,109,5,9,0,1,8,5.417526,5.706113,1,0.4274442,1,
2022-06-14,MD,109,5,9,0,1,8,6.263868,6.569713,1,0.4413674,1,
2022-06-14,MD,109,5,9,0,1,8,7.105221,7.384979,1,0.4274442,1,
2022-06-14,MD,109,5,9,0,1,8,7.941893,0,0,0.4344058,1,
2022-06-14,MD,110,5,10,0,1,8,2.095832,2.368313,1,0.4274442,1,
2022-06-14,MD,110,5,10,0,1,8,2.945228,3.222218,1,0.4552907,1,
2022-06-14,MD,110,5,10,0,1,8,3.807849,4.113119,1,0.4413674,1,
2022-06-14,MD,110,5,10,0,1,8,4.654502,4.96477,1,0.4552907,1,
2022-06-14,MD,110,5,10,0,1,8,5.512113,5.798102,1,0.4483291,1,
2022-06-14,MD,110,5,10,0,1,8,6.354276,6.641356,1,0.4413674,1,
2022-06-14,MD,110,5,10,0,1,8,7.197791,0,0,0.4274442,1,
2022-06-14,MD,110,5,10,0,1,8,8.041948,8.441977,1,0.4204825,1,
2022-06-14,MD,111,5,11,0,1,8,1.73564,2.047802,1,0.4622523,1,
2022-06-14,MD,111,5,11,0,1,8,2.584763,2.884764,1,0.4274442,1,
2022-06-14,MD,111,5,11,0,1,8,3.444031,3.718278,1,0.4274442,1,
2022-06-14,MD,111,5,11,0,1,8,4.293324,4.593611,1,0.4204825,1,
2022-06-14,MD,111,5,11,0,1,8,5.151278,5.460645,1,0.4274442,1,
2022-06-14,MD,111,5,11,0,1,8,5.99377,6.282816,1,0.4552907,1,
2022-06-14,MD,111,5,11,0,1,8,6.827091,7.104805,1,0.4204825,1,
2022-06-14,MD,111,5,11,0,1,8,7.681932,8.034104,1,0.4344058,1,
2022-06-14,MD,112,5,12,0,1,8,1.667087,1.952999,1,0.4274442,1,
2022-06-14,MD,112,5,12,0,1,8,2.509477,2.819968,1,0.4274442,1,
2022-06-14,MD,112,5,12,0,1,8,3.353754,3.741475,1,0.4274442,1,
2022-06-14,MD,112,5,12,0,1,8,5.031169,5.341328,1,0.4622523,1,4.465442,
2022-06-14,MD,112,5,12,0,1,8,5.877259,6.179023,1,0.4622523,1,4.465442,
2022-06-14,MD,112,5,12,0,1,8,7.582531,7.973209,1,0.4483291,1,4.465442,
2022-06-14,MD,113,5,13,0,1,8,1.842476,2.238436,1,0.4552907,1,
2022-06-14,MD,113,5,13,0,1,8,2.675423,0,0,0.4204825,1,
2022-06-14,MD,113,5,13,0,1,8,3.520253,3.919617,1,0.4204825,1,
2022-06-14,MD,113,5,13,0,1,8,4.364189,4.675229,1,0.4483291,1,
2022-06-14,MD,113,5,13,0,1,8,5.197817,5.530902,1,0.4483291,1,
2022-06-14,MD,113,5,13,0,1,8,6.330773,0,0,0.4552907,1,
2022-06-14,MD,113,5,13,0,1,8,7.172118,7.521617,1,0.4552907,1,
2022-06-14,MD,113,5,13,0,1,8,8.029656,8.340878,1,0.4204825,1,
2022-06-14,MD,114,5,14,0,1,8,2.044624,2.346878,1,0.4204825,1,
2022-06-14,MD,114,5,14,0,1,8,2.887232,3.231971,1,0.4483291,1,
2022-06-14,MD,114,5,14,0,1,8,3.748006,4.057887,1,0.4204825,1,
2022-06-14,MD,114,5,14,0,1,8,4.594396,4.920112,1,0.4344058,1,
2022-06-14,MD,114,5,14,0,1,8,5.430982,0,0,0.4204825,1,
2022-06-14,MD,114,5,14,0,1,8,6.273475,6.652306,1,0.4622523,1,
2022-06-14,MD,114,5,14,0,1,8,7.117965,7.438889,1,0.4483291,1,
2022-06-14,MD,114,5,14,0,1,8,7.949064,8.31806,1,0.4413674,1,
2022-06-14,MD,115,5,15,0,1,8,1.720609,2.055064,1,0.4344058,1,
2022-06-14,MD,115,5,15,0,1,8,2.556007,2.877617,1,0.4483291,1,
2022-06-14,MD,115,5,15,0,1,8,3.399675,0,0,0.4483291,1,
2022-06-14,MD,115,5,15,0,1,8,4.239992,4.642897,1,0.4344058,1,
2022-06-14,MD,115,5,15,0,1,8,5.078042,5.389074,1,0.4622523,1,
2022-06-14,MD,115,5,15,0,1,8,6.767802,7.106855,1,0.4483291,1,
2022-06-14,MD,115,5,15,0,1,8,7.624612,7.975123,1,0.4483291,1,
2022-06-14,MD,116,5,16,0,1,7,1.832803,2.16777,1,0.4483291,1,
2022-06-14,MD,116,5,16,0,1,7,2.668216,3.000124,1,0.4622523,1,
2022-06-14,MD,116,5,16,0,1,7,3.523685,3.943789,1,0.4274442,1,
2022-06-14,MD,116,5,16,0,1,7,4.365761,4.758019,1,0.4622523,1,
2022-06-14,MD,116,5,16,0,1,7,5.226687,5.605361,1,0.4622523,1,
2022-06-14,MD,116,5,16,0,1,7,6.07577,6.376158,1,0.4413674,1,
2022-06-14,MD,116,5,16,0,1,7,6.952765,7.274513,1,0.4552907,1,
2022-06-14,MD,117,5,17,0,1,8,1.853028,2.270381,1,0.4274442,1,
2022-06-14,MD,117,5,17,0,1,8,2.688397,2.978921,1,0.4552907,1,
2022-06-14,MD,117,5,17,0,1,8,4.365486,4.732465,1,0.4274442,1,
2022-06-14,MD,117,5,17,0,1,8,5.211565,0,0,0.4622523,1,
2022-06-14,MD,117,5,17,0,1,8,6.054819,6.4106,1,0.4552907,1,
2022-06-14,MD,117,5,17,0,1,8,6.898476,7.260504,1,0.4552907,1,
2022-06-14,MD,117,5,17,0,1,8,7.73041,8.108662,1,0.4344058,1,
2022-06-14,MD,118,5,18,0,1,8,2.053174,2.386678,1,0.4204825,1,
2022-06-14,MD,118,5,18,0,1,8,2.908445,3.21296,1,0.4344058,1,
2022-06-14,MD,118,5,18,0,1,8,3.749716,4.048897,1,0.4413674,1,
2022-06-14,MD,118,5,18,0,1,8,4.585082,4.861794,1,0.4413674,1,
2022-06-14,MD,118,5,18,0,1,8,7.116032,7.418386,1,0.4552907,1,
2022-06-14,MD,118,5,18,0,1,8,7.960618,8.282121,1,0.4274442,1,
2022-06-14,MD,119,5,19,0,1,7,1.848878,2.182977,1,0.4344058,1,
2022-06-14,MD,119,5,19,0,1,7,2.707383,2.9706,1,0.4552907,1,
2022-06-14,MD,119,5,19,0,1,7,3.559098,3.798385,1,0.4344058,1,
2022-06-14,MD,119,5,19,0,1,7,4.420397,4.730049,1,0.4204825,1,
2022-06-14,MD,119,5,19,0,1,7,5.269319,5.546555,1,0.4622523,1,
2022-06-14,MD,119,5,19,0,1,7,6.127589,6.421846,1,0.4483291,1,
2022-06-14,MD,119,5,19,0,1,7,6.967954,7.324727,1,0.4622523,1,
2022-06-14,MD,120,6,0,0,0,7,1.615524,1.984043,1,0.4413674,1,
2022-06-14,MD,120,6,0,0,0,7,2.450549,2.773156,1,0.4274442,1,
2022-06-14,MD,120,6,0,0,0,7,3.294997,3.550743,1,0.4483291,1,
2022-06-14,MD,120,6,0,0,0,7,4.138839,4.374154,1,0.4344058,1,
2022-06-14,MD,120,6,0,0,0,7,4.974263,5.258449,1,0.4552907,1,
2022-06-14,MD,120,6,0,0,0,7,5.81529,6.004454,1,0.4204825,1,
2022-06-14,MD,120,6,0,0,0,7,6.649123,6.96034,1,0.4344058,1,
2022-06-14,MD,121,6,1,0,0,8,2.074433,2.460458,1,0.4483291,1,
2022-06-14,MD,121,6,1,0,0,8,2.917117,3.217631,1,0.4204825,1,
2022-06-14,MD,121,6,1,0,0,8,3.776166,4.051942,1,0.4274442,1,
2022-06-14,MD,121,6,1,0,0,8,4.627084,4.93854,1,0.4274442,1,
2022-06-14,MD,121,6,1,0,0,8,5.462002,5.797235,1,0.4274442,1,
2022-06-14,MD,121,6,1,0,0,8,7.137836,7.448819,1,0.4274442,1,6.971846,
2022-06-14,MD,121,6,1,0,0,8,7.98375,8.299344,1,0.4274442,1,6.971846,
2022-06-14,MD,122,6,2,0,0,8,1.849667,2.172419,1,0.4274442,1,
2022-06-14,MD,122,6,2,0,0,8,2.6857,2.985241,1,0.4413674,1,
2022-06-14,MD,122,6,2,0,0,8,3.541394,3.837935,1,0.4204825,1,
2022-06-14,MD,122,6,2,0,0,8,4.394279,4.682936,1,0.4413674,1,
2022-06-14,MD,122,6,2,0,0,8,5.238235,5.602519,1,0.4483291,1,
2022-06-14,MD,122,6,2,0,0,8,6.082845,6.392386,1,0.4344058,1,
2022-06-14,MD,122,6,2,0,0,8,6.923317,7.224915,1,0.4552907,1,
2022-06-14,MD,122,6,2,0,0,8,7.757413,8.060815,1,0.4274442,1,
2022-06-14,MD,123,6,3,0,0,7,1.850072,2.217723,1,0.4204825,1,
2022-06-14,MD,123,6,3,0,0,7,2.695546,2.983624,1,0.4344058,1,
2022-06-14,MD,123,6,3,0,0,7,3.556441,3.866349,1,0.4552907,1,
2022-06-14,MD,123,6,3,0,0,7,4.404988,4.682668,1,0.4413674,1,
2022-06-14,MD,123,6,3,0,0,7,5.238223,0,0,0.4274442,1,
2022-06-14,MD,123,6,3,0,0,7,6.097016,6.509744,1,0.4413674,1,
2022-06-14,MD,123,6,3,0,0,7,7.813875,8.221451,1,0.4344058,1,
2022-06-14,MD,124,6,4,0,0,8,1.785658,2.115368,1,0.4413674,1,
2022-06-14,MD,124,6,4,0,0,8,2.647128,2.91868,1,0.4413674,1,
2022-06-14,MD,124,6,4,0,0,8,3.493904,3.805248,1,0.4413674,1,
2022-06-14,MD,124,6,4,0,0,8,4.327726,4.707541,1,0.4413674,1,
2022-06-14,MD,124,6,4,0,0,8,5.171515,5.492617,1,0.4204825,1,
2022-06-14,MD,124,6,4,0,0,8,6.004673,6.303772,1,0.4622523,1,
2022-06-14,MD,124,6,4,0,0,8,6.851431,7.193226,1,0.4483291,1,
2022-06-14,MD,124,6,4,0,0,8,7.703846,7.979035,1,0.4622523,1,
2022-06-14,MD,125,6,5,0,0,8,2.140333,0,0,0.4274442,1,
2022-06-14,MD,125,6,5,0,0,8,2.983997,3.327993,1,0.4552907,1,
2022-06-14,MD,125,6,5,0,0,8,3.827841,4.095284,1,0.4344058,1,
2022-06-14,MD,125,6,5,0,0,8,4.662076,4.966999,1,0.4622523,1,
2022-06-14,MD,125,6,5,0,0,8,5.5069,5.794838,1,0.4413674,1,
2022-06-14,MD,125,6,5,0,0,8,6.366228,6.63842,1,0.4552907,1,
2022-06-14,MD,125,6,5,0,0,8,7.216799,7.519941,1,0.4483291,1,
2022-06-14,MD,125,6,5,0,0,8,8.059564,8.360144,1,0.4344058,1,
2022-06-14,MD,126,6,6,0,0,7,1.521808,1.822405,1,0.4622523,1,
2022-06-14,MD,126,6,6,0,0,7,2.362504,2.60086,1,0.4622523,1,
2022-06-14,MD,126,6,6,0,0,7,3.222606,3.507655,1,0.4622523,1,
2022-06-14,MD,126,6,6,0,0,7,4.072867,4.370255,1,0.4622523,1,
2022-06-14,MD,126,6,6,0,0,7,5.782405,6.093793,1,0.4204825,1,
2022-06-14,MD,126,6,6,0,0,7,6.641492,6.928781,1,0.4204825,1,
2022-06-14,MD,127,6,7,0,0,8,1.771723,2.148754,1,0.4344058,1,
2022-06-14,MD,127,6,7,0,0,8,2.605163,2.912848,1,0.4483291,1,
2022-06-14,MD,127,6,7,0,0,8,3.448743,3.805353,1,0.4622523,1,
2022-06-14,MD,127,6,7,0,0,8,4.311063,4.62179,1,0.4483291,1,
2022-06-14,MD,127,6,7,0,0,8,5.148231,5.447788,1,0.4552907,1,
2022-06-14,MD,127,6,7,0,0,8,5.991205,6.36113,1,0.4413674,1,
2022-06-14,MD,127,6,7,0,0,8,6.837201,7.280604,1,0.4413674,1,
2022-06-14,MD,127,6,7,0,0,8,7.738454,0,0,0.4274442,1,
2022-06-14,MD,128,6,8,0,0,8,2.007336,2.398511,1,0.4274442,1,
2022-06-14,MD,128,6,8,0,0,8,3.70749,4.038501,1,0.4204825,1,
2022-06-14,MD,128,6,8,0,0,8,4.550906,4.85191,1,0.4552907,1,
2022-06-14,MD,128,6,8,0,0,8,5.395595,5.700542,1,0.4274442,1,
2022-06-14,MD,128,6,8,0,0,8,6.230121,6.515698,1,0.4622523,1,
2022-06-14,MD,128,6,8,0,0,8,7.068927,7.381522,1,0.4552907,1,
2022-06-14,MD,128,6,8,0,0,8,7.903903,8.227766,1,0.4483291,1,
2022-06-14,MD,129,6,9,0,0,8,2.127326,2.5598,1,0.4552907,1,
2022-06-14,MD,129,6,9,0,0,8,3.817704,4.415689,1,0.4413674,1,
2022-06-14,MD,129,6,9,0,0,8,5.504899,0,0,0.4344058,1,
2022-06-14,MD,129,6,9,0,0,8,6.363348,6.748245,1,0.4413674,1,
2022-06-14,MD,129,6,9,0,0,8,7.214154,0,0,0.4413674,1,
2022-06-14,MD,129,6,9,0,0,8,8.057401,0,0,0.4483291,1,
2022-06-14,MD,130,6,10,0,0,8,1.718701,2.028997,1,0.4552907,1,
2022-06-14,MD,130,6,10,0,0,8,2.550883,2.865251,1,0.4274442,1,
2022-06-14,MD,130,6,10,0,0,8,3.383955,3.67285,1,0.4622523,1,
2022-06-14,MD,130,6,10,0,0,8,4.218292,4.517403,1,0.4552907,1,
2022-06-14,MD,130,6,10,0,0,8,5.071808,5.417953,1,0.4483291,1,
2022-06-14,MD,130,6,10,0,0,8,5.915689,6.206359,1,0.4413674,1,
2022-06-14,MD,130,6,10,0,0,8,6.751494,7.083137,1,0.4344058,1,
2022-06-14,MD,130,6,10,0,0,8,7.583627,7.884089,1,0.4204825,1,
2022-06-14,MD,131,6,11,0,0,7,1.913892,0,0,0.4274442,1,
2022-06-14,MD,131,6,11,0,0,7,2.761778,3.151033,1,0.4622523,1,
2022-06-14,MD,131,6,11,0,0,7,3.606728,3.993645,1,0.4622523,1,
2022-06-14,MD,131,6,11,0,0,7,4.439618,4.771479,1,0.4483291,1,
2022-06-14,MD,131,6,11,0,0,7,5.281943,5.594723,1,0.4274442,1,
2022-06-14,MD,131,6,11,0,0,7,6.127806,0,0,0.4413674,1,
2022-06-14,MD,131,6,11,0,0,7,6.971597,7.401111,1,0.4204825,1,
2022-06-14,MD,132,6,12,0,0,8,1.806789,2.029214,1,0.4413674,1,
2022-06-14,MD,132,6,12,0,0,8,2.651083,2.940559,1,0.4483291,1,
2022-06-14,MD,132,6,12,0,0,8,3.486729,3.805942,1,0.4552907,1,
2022-06-14,MD,132,6,12,0,0,8,4.328206,4.617286,1,0.4413674,1,
2022-06-14,MD,132,6,12,0,0,8,5.188777,5.497916,1,0.4552907,1,
2022-06-14,MD,132,6,12,0,0,8,6.871168,0,0,0.4552907,1,
2022-06-14,MD,133,6,13,0,0,8,1.848686,2.198324,1,0.4413674,1,
2022-06-14,MD,133,6,13,0,0,8,2.706274,3.016766,1,0.4622523,1,
2022-06-14,MD,133,6,13,0,0,8,3.549902,3.850733,1,0.4204825,1,
2022-06-14,MD,133,6,13,0,0,8,4.383535,4.687191,1,0.4413674,1,
2022-06-14,MD,133,6,13,0,0,8,5.217248,5.495402,1,0.4552907,1,
2022-06-14,MD,133,6,13,0,0,8,6.051133,6.317362,1,0.4204825,1,
2022-06-14,MD,133,6,13,0,0,8,6.902359,7.216248,1,0.4413674,1,
2022-06-14,MD,133,6,13,0,0,8,7.746079,8.049871,1,0.4344058,1,
2022-06-14,MD,134,6,14,0,0,8,1.861613,0,0,0.4413674,1,
2022-06-14,MD,134,6,14,0,0,8,2.704325,3.005687,1,0.4344058,1,
2022-06-14,MD,134,6,14,0,0,8,3.547168,3.838509,1,0.4483291,1,
2022-06-14,MD,134,6,14,0,0,8,4.385081,4.64828,1,0.4483291,1,
2022-06-14,MD,134,6,14,0,0,8,5.226693,5.504252,1,0.4344058,1,
2022-06-14,MD,134,6,14,0,0,8,6.084887,6.397042,1,0.4344058,1,
2022-06-14,MD,134,6,14,0,0,8,6.936427,7.237041,1,0.4552907,1,
2022-06-14,MD,135,6,15,0,0,7,1.776423,2.17186,1,0.4622523,1,
2022-06-14,MD,135,6,15,0,0,7,2.616918,2.939816,1,0.4204825,1,
2022-06-14,MD,135,6,15,0,0,7,3.46074,3.816678,1,0.4344058,1,
2022-06-14,MD,135,6,15,0,0,7,4.30477,4.581669,1,0.4413674,1,
2022-06-14,MD,135,6,15,0,0,7,5.146972,5.450138,1,0.4274442,1,
2022-06-14,MD,135,6,15,0,0,7,5.984395,6.28625,1,0.4483291,1,
2022-06-14,MD,135,6,15,0,0,7,6.833765,7.115469,1,0.4413674,1,
2022-06-14,MD,136,6,16,0,0,7,1.617474,1.929257,1,0.4413674,1,
2022-06-14,MD,136,6,16,0,0,7,3.283696,3.617335,1,0.4622523,1,
2022-06-14,MD,136,6,16,0,0,7,4.126988,0,0,0.4344058,1,
2022-06-14,MD,136,6,16,0,0,7,4.971826,5.29317,1,0.4622523,1,
2022-06-14,MD,136,6,16,0,0,7,5.814618,6.10598,1,0.4274442,1,
2022-06-14,MD,136,6,16,0,0,7,7.304769,7.614927,1,0.4274442,1,
2022-06-14,MD,137,6,17,0,0,8,1.605303,1.884111,1,0.4622523,1,
2022-06-14,MD,137,6,17,0,0,8,2.44019,2.704294,1,0.4204825,1,
2022-06-14,MD,137,6,17,0,0,8,4.117064,0,0,0.4552907,1,
2022-06-14,MD,137,6,17,0,0,8,4.971696,5.296225,1,0.4622523,1,
2022-06-14,MD,137,6,17,0,0,8,5.815773,6.14996,1,0.4204825,1,
2022-06-14,MD,137,6,17,0,0,8,6.66185,6.956762,1,0.4204825,1,
2022-06-14,MD,138,6,18,0,0,7,1.615395,0,0,0.4344058,1,
2022-06-14,MD,138,6,18,0,0,7,2.452086,2.925904,1,0.4552907,1,
2022-06-14,MD,138,6,18,0,0,7,3.296142,3.582975,1,0.4413674,1,
2022-06-14,MD,138,6,18,0,0,7,4.154206,4.417515,1,0.4274442,1,
2022-06-14,MD,138,6,18,0,0,7,4.993779,5.304213,1,0.4204825,1,
2022-06-14,MD,138,6,18,0,0,7,5.836418,6.126978,1,0.4274442,1,
2022-06-14,MD,138,6,18,0,0,7,6.860459,0,0,0.4344058,1,
2022-06-14,MD,139,6,19,0,0,8,2.068555,2.603715,1,0.4483291,1,
2022-06-14,MD,139,6,19,0,0,8,2.905392,3.171496,1,0.4552907,1,
2022-06-14,MD,139,6,19,0,0,8,3.75992,4.030907,1,0.4622523,1,
2022-06-14,MD,139,6,19,0,0,8,4.603312,4.882787,1,0.4274442,1,
2022-06-14,MD,139,6,19,0,0,8,5.440696,5.714036,1,0.4483291,1,
2022-06-14,MD,139,6,19,0,0,8,6.280999,6.547143,1,0.4622523,1,
2022-06-14,MD,139,6,19,0,0,8,7.114559,0,0,0.4483291,1,
2022-06-14,MD,139,6,19,0,0,8,7.964703,8.25984,1,0.4483291,1,
2022-06-14,MD,140,7,0,0,0,8,1.874304,2.156389,1,0.4274442,1,
2022-06-14,MD,140,7,0,0,0,8,2.708362,3.016783,1,0.4204825,1,
2022-06-14,MD,140,7,0,0,0,8,3.558569,3.840617,1,0.4413674,1,
2022-06-14,MD,140,7,0,0,0,8,4.414935,4.65846,1,0.4413674,1,
2022-06-14,MD,140,7,0,0,0,8,5.265973,5.520162,1,0.4204825,1,
2022-06-14,MD,140,7,0,0,0,8,6.106426,6.383529,1,0.4344058,1,
2022-06-14,MD,140,7,0,0,0,8,6.950612,7.228194,1,0.4204825,1,
2022-06-14,MD,140,7,0,0,0,8,7.794891,8.081979,1,0.4344058,1,
2022-06-14,MD,141,7,1,0,0,8,1.725831,2.086651,1,0.4622523,1,
2022-06-14,MD,141,7,1,0,0,8,2.558499,2.860217,1,0.4483291,1,
2022-06-14,MD,141,7,1,0,0,8,3.39033,3.79464,1,0.4552907,1,
2022-06-14,MD,141,7,1,0,0,8,4.2346,4.62363,1,0.4552907,1,
2022-06-14,MD,141,7,1,0,0,8,5.078095,5.410937,1,0.4344058,1,
2022-06-14,MD,141,7,1,0,0,8,5.912452,6.29899,1,0.4274442,1,
2022-06-14,MD,141,7,1,0,0,8,7.587778,0,0,0.4483291,1,
2022-06-14,MD,142,7,2,0,0,8,1.936672,2.209344,1,0.4274442,1,
2022-06-14,MD,142,7,2,0,0,8,2.772753,3.080995,1,0.4413674,1,
2022-06-14,MD,142,7,2,0,0,8,3.643804,3.962897,1,0.4483291,1,
2022-06-14,MD,142,7,2,0,0,8,4.485301,4.774682,1,0.4552907,1,
2022-06-14,MD,142,7,2,0,0,8,5.328536,5.61643,1,0.4483291,1,
2022-06-14,MD,142,7,2,0,0,8,6.171688,6.468238,1,0.4274442,1,
2022-06-14,MD,142,7,2,0,0,8,7.028759,7.327871,1,0.4274442,1,
2022-06-14,MD,143,7,3,0,0,8,2.075484,2.354134,1,0.4344058,1,
2022-06-14,MD,143,7,3,0,0,8,2.917344,3.172846,1,0.4552907,1,
2022-06-14,MD,143,7,3,0,0,8,3.749747,4.064408,1,0.4344058,1,
2022-06-14,MD,143,7,3,0,0,8,4.583811,4.873125,1,0.4204825,1,
2022-06-14,MD,143,7,3,0,0,8,5.417438,5.706767,1,0.4622523,1,
2022-06-14,MD,143,7,3,0,0,8,6.270678,6.544827,1,0.4274442,1,
2022-06-14,MD,143,7,3,0,0,8,7.105732,7.39597,1,0.4413674,1,
2022-06-14,MD,144,7,4,0,0,7,2.08753,2.483608,1,0.4622523,1,
2022-06-14,MD,144,7,4,0,0,7,2.938067,3.225334,1,0.4622523,1,
2022-06-14,MD,144,7,4,0,0,7,3.774979,4.172003,1,0.4413674,1,
2022-06-14,MD,144,7,4,0,0,7,4.615853,4.915631,1,0.4413674,1,
2022-06-14,MD,144,7,4,0,0,7,5.449496,5.737144,1,0.4274442,1,
2022-06-14,MD,144,7,4,0,0,7,6.297307,6.596776,1,0.4274442,1,
2022-06-14,MD,144,7,4,0,0,7,7.146267,7.43803,1,0.4483291,1,
2022-06-14,MD,145,7,5,0,0,8,2.089526,2.506431,1,0.4622523,1,
2022-06-14,MD,145,7,5,0,0,8,2.939882,3.229839,1,0.4483291,1,
2022-06-14,MD,145,7,5,0,0,8,3.799077,4.068198,1,0.4344058,1,
2022-06-14,MD,145,7,5,0,0,8,4.639706,4.973179,1,0.4274442,1,
2022-06-14,MD,145,7,5,0,0,8,6.326451,6.616766,1,0.4344058,1,
2022-06-14,MD,145,7,5,0,0,8,7.167577,7.470453,1,0.4413674,1,
2022-06-14,MD,145,7,5,0,0,8,8.006823,8.318543,1,0.4552907,1,
2022-06-14,MD,146,7,6,0,0,8,1.686315,1.992416,1,0.4274442,1,
2022-06-14,MD,146,7,6,0,0,8,2.52913,2.829305,1,0.4344058,1,
2022-06-14,MD,146,7,6,0,0,8,3.385677,3.651382,1,0.4552907,1,
2022-06-14,MD,146,7,6,0,0,8,4.237965,4.526846,1,0.4204825,1,
2022-06-14,MD,146,7,6,0,0,8,5.099602,5.410238,1,0.4483291,1,
2022-06-14,MD,146,7,6,0,0,8,5.956445,6.256649,1,0.4274442,1,
2022-06-14,MD,146,7,6,0,0,8,6.80763,7.11996,1,0.4483291,1,
2022-06-14,MD,146,7,6,0,0,8,7.648068,7.970232,1,0.4274442,1,
2022-06-14,MD,147,7,7,0,0,8,1.741036,2.012559,1,0.4344058,1,
2022-06-14,MD,147,7,7,0,0,8,2.617402,2.913916,1,0.4274442,1,
2022-06-14,MD,147,7,7,0,0,8,3.462023,3.771739,1,0.4552907,1,
2022-06-14,MD,147,7,7,0,0,8,4.315573,4.63907,1,0.4344058,1,
2022-06-14,MD,147,7,7,0,0,8,5.156892,5.548859,1,0.4622523,1,
2022-06-14,MD,147,7,7,0,0,8,6.004693,6.405097,1,0.4622523,1,
2022-06-14,MD,147,7,7,0,0,8,6.837765,7.214755,1,0.4274442,1,
2022-06-14,MD,147,7,7,0,0,8,7.680994,0,0,0.4274442,1,
2022-06-14,MD,148,7,8,0,0,8,2.017662,0,0,0.4274442,1,
2022-06-14,MD,148,7,8,0,0,8,3.704963,4.065589,1,0.4552907,1,3.051517,
2022-06-14,MD,148,7,8,0,0,8,4.539946,4.905051,1,0.4483291,1,3.051517,
2022-06-14,MD,148,7,8,0,0,8,5.383941,5.694704,1,0.4483291,1,3.051517,
2022-06-14,MD,148,7,8,0,0,8,6.242174,6.554309,1,0.4204825,1,3.051517,
2022-06-14,MD,148,7,8,0,0,8,7.093665,7.384053,1,0.4552907,1,3.051517,
2022-06-14,MD,148,7,8,0,0,8,7.951895,8.238147,1,0.4622523,1,3.051517,
2022-06-14,MD,149,7,9,0,0,8,1.803868,2.113104,1,0.4204825,1,
2022-06-14,MD,149,7,9,0,0,8,2.639026,2.918101,1,0.4344058,1,
2022-06-14,MD,149,7,9,0,0,8,3.48454,3.839414,1,0.4344058,1,
2022-06-14,MD,149,7,9,0,0,8,4.328431,4.596182,1,0.4622523,1,
2022-06-14,MD,149,7,9,0,0,8,5.171338,5.595659,1,0.4552907,1,
2022-06-14,MD,149,7,9,0,0,8,6.007144,6.326447,1,0.4413674,1,
2022-06-14,MD,149,7,9,0,0,8,6.860428,7.137299,1,0.4622523,1,
2022-06-14,MD,149,7,9,0,0,8,7.717726,8.080912,1,0.4483291,1,
2022-06-14,MD,150,7,10,0,0,8,1.805116,2.125519,1,0.4204825,1,
2022-06-14,MD,150,7,10,0,0,8,2.678245,2.927702,1,0.4344058,1,
2022-06-14,MD,150,7,10,0,0,8,3.518306,3.738621,1,0.4552907,1,
2022-06-14,MD,150,7,10,0,0,8,4.361395,4.671984,1,0.4344058,1,
2022-06-14,MD,150,7,10,0,0,8,5.203689,5.484735,1,0.4622523,1,
2022-06-14,MD,150,7,10,0,0,8,6.047683,6.326454,1,0.4204825,1,
2022-06-14,MD,150,7,10,0,0,8,6.882832,7.105625,1,0.4483291,1,
2022-06-14,MD,150,7,10,0,0,8,7.714991,7.981213,1,0.4552907,1,
2022-06-14,MD,151,7,11,0,0,8,1.996346,2.372756,1,0.4274442,1,
2022-06-14,MD,151,7,11,0,0,8,2.835231,3.102618,1,0.4483291,1,
2022-06-14,MD,151,7,11,0,0,8,3.683465,3.994416,1,0.4483291,1,
2022-06-14,MD,151,7,11,0,0,8,4.527381,4.838023,1,0.4483291,1,
2022-06-14,MD,151,7,11,0,0,8,5.38844,5.699405,1,0.4483291,1,
2022-06-14,MD,151,7,11,0,0,8,6.236753,6.525426,1,0.4274442,1,
2022-06-14,MD,151,7,11,0,0,8,7.093424,7.410148,1,0.4622523,1,
2022-06-14,MD,151,7,11,0,0,8,7.937567,8.236408,1,0.4344058,1,
2022-06-14,MD,152,7,12,0,0,8,2.074091,0,0,0.4344058,1,
2022-06-14,MD,152,7,12,0,0,8,2.917391,3.308427,1,0.4622523,1,
2022-06-14,MD,152,7,12,0,0,8,3.759215,4.028951,1,0.4344058,1,
2022-06-14,MD,152,7,12,0,0,8,5.439008,5.805723,1,0.4413674,1,
2022-06-14,MD,152,7,12,0,0,8,6.272562,6.635221,1,0.4344058,1,
2022-06-14,MD,152,7,12,0,0,8,7.114986,7.386619,1,0.4552907,1,
2022-06-14,MD,152,7,12,0,0,8,7.948636,8.216172,1,0.4622523,1,
2022-06-14,MD,153,7,13,0,0,8,1.785432,2.117297,1,0.4413674,1,
2022-06-14,MD,153,7,13,0,0,8,2.624716,3.072886,1,0.4413674,1,
2022-06-14,MD,153,7,13,0,0,8,3.471797,3.772793,1,0.4274442,1,
2022-06-14,MD,153,7,13,0,0,8,4.316354,4.582575,1,0.4204825,1,
2022-06-14,MD,153,7,13,0,0,8,5.152941,5.427481,1,0.4622523,1,
2022-06-14,MD,153,7,13,0,0,8,6.862564,7.164296,1,0.4344058,1,
2022-06-14,MD,153,7,13,0,0,8,7.704409,7.992867,1,0.4413674,1,
2022-06-14,MD,154,7,14,0,0,8,2.210308,2.561606,1,0.4483291,1,
2022-06-14,MD,154,7,14,0,0,8,3.063516,3.327739,1,0.4344058,1,
2022-06-14,MD,154,7,14,0,0,8,3.920902,4.183999,1,0.4552907,1,
2022-06-14,MD,154,7,14,0,0,8,4.762053,5.061705,1,0.4552907,1,
2022-06-14,MD,154,7,14,0,0,8,5.605206,0,0,0.4274442,1,
2022-06-14,MD,154,7,14,0,0,8,8.127632,8.514986,1,0.4344058,1,
2022-06-14,MD,155,7,15,0,0,7,1.816128,2.229451,1,0.4344058,1,
2022-06-14,MD,155,7,15,0,0,7,2.661829,2.973187,1,0.4483291,1,
2022-06-14,MD,155,7,15,0,0,7,3.515563,3.827025,1,0.4622523,1,
2022-06-14,MD,155,7,15,0,0,7,4.349348,4.615917,1,0.4344058,1,
2022-06-14,MD,155,7,15,0,0,7,5.197483,5.507732,1,0.4274442,1,
2022-06-14,MD,155,7,15,0,0,7,6.04965,6.326044,1,0.4204825,1,
2022-06-14,MD,155,7,15,0,0,7,7.105103,7.415865,1,0.4274442,1,
2022-06-14,MD,156,7,16,0,0,8,1.829621,2.117812,1,0.4483291,1,
2022-06-14,MD,156,7,16,0,0,8,2.685231,2.949813,1,0.4204825,1,
2022-06-14,MD,156,7,16,0,0,8,3.5176,3.786476,1,0.4552907,1,
2022-06-14,MD,156,7,16,0,0,8,4.361946,4.637553,1,0.4274442,1,
2022-06-14,MD,156,7,16,0,0,8,5.216478,5.497554,1,0.4413674,1,
2022-06-14,MD,156,7,16,0,0,8,6.060923,6.304624,1,0.4552907,1,
2022-06-14,MD,156,7,16,0,0,8,6.971479,7.225802,1,0.4413674,1,
2022-06-14,MD,156,7,16,0,0,8,7.82152,8.059485,1,0.4622523,1,
2022-06-14,MD,157,7,17,0,0,8,1.90798,2.248956,1,0.4622523,1,
2022-06-14,MD,157,7,17,0,0,8,2.740948,3.039531,1,0.4622523,1,
2022-06-14,MD,157,7,17,0,0,8,3.586493,3.930062,1,0.4622523,1,
2022-06-14,MD,157,7,17,0,0,8,4.42654,4.700011,1,0.4622523,1,
2022-06-14,MD,157,7,17,0,0,8,5.260556,5.571959,1,0.4552907,1,
2022-06-14,MD,157,7,17,0,0,8,6.104988,6.409181,1,0.4622523,1,
2022-06-14,MD,157,7,17,0,0,8,6.947517,7.248829,1,0.4552907,1,
2022-06-14,MD,157,7,17,0,0,8,7.781919,0,0,0.4483291,1,
2022-06-14,MD,158,7,18,0,0,7,1.818932,0,0,0.4413674,1,
2022-06-14,MD,158,7,18,0,0,7,2.651531,2.963827,1,0.4552907,1,
2022-06-14,MD,158,7,18,0,0,7,3.505035,0,0,0.4622523,1,
2022-06-14,MD,158,7,18,0,0,7,4.349011,4.616317,1,0.4483291,1,
2022-06-14,MD,158,7,18,0,0,7,5.184122,5.487827,1,0.4622523,1,
2022-06-14,MD,158,7,18,0,0,7,6.016673,6.327057,1,0.4344058,1,
2022-06-14,MD,158,7,18,0,0,7,7.547812,7.904398,1,0.4622523,1,
2022-06-14,MD,159,7,19,0,0,8,1.817744,0,0,0.4552907,1,
2022-06-14,MD,159,7,19,0,0,8,2.661086,3.016892,1,0.4344058,1,
2022-06-14,MD,159,7,19,0,0,8,3.505406,3.865433,1,0.4413674,1,
2022-06-14,MD,159,7,19,0,0,8,4.34069,4.704624,1,0.4552907,1,
2022-06-14,MD,159,7,19,0,0,8,5.178558,5.562334,1,0.4552907,1,
2022-06-14,MD,159,7,19,0,0,8,6.016176,6.39269,1,0.4204825,1,
2022-06-14,MD,159,7,19,0,0,8,6.870284,7.170106,1,0.4204825,1,
2022-06-14,MD,159,7,19,0,0,8,7.714966,8.015797,1,0.4552907,1,
2022-06-14,MD,160,8,0,0,0,8,1.841478,0,0,0.4483291,1,
2022-06-14,MD,160,8,0,0,0,8,2.702134,0,0,0.4274442,1,
2022-06-14,MD,160,8,0,0,0,8,3.552017,0,0,0.4274442,1,
2022-06-14,MD,160,8,0,0,0,8,4.385206,0,0,0.4413674,1,
2022-06-14,MD,160,8,0,0,0,8,5.239713,0,0,0.4622523,1,
2022-06-14,MD,160,8,0,0,0,8,6.08431,0,0,0.4413674,1,
2022-06-14,MD,160,8,0,0,0,8,6.941116,0,0,0.4344058,1,
2022-06-14,MD,160,8,0,0,0,8,7.783852,8.05957,1,0.4413674,1,
2022-06-14,MD,161,8,1,0,0,8,1.774557,2.178807,1,0.4622523,1,
2022-06-14,MD,161,8,1,0,0,8,2.618613,0,0,0.4344058,1,
2022-06-14,MD,161,8,1,0,0,8,3.460899,3.784305,1,0.4552907,1,
2022-06-14,MD,161,8,1,0,0,8,4.306262,4.605963,1,0.4344058,1,
2022-06-14,MD,161,8,1,0,0,8,5.142612,5.528497,1,0.4274442,1,
2022-06-14,MD,161,8,1,0,0,8,5.99435,6.315502,1,0.4274442,1,
2022-06-14,MD,161,8,1,0,0,8,6.844228,7.273337,1,0.4344058,1,
2022-06-14,MD,161,8,1,0,0,8,7.683979,8.034205,1,0.4622523,1,
2022-06-14,MD,162,8,2,0,0,8,1.807447,0,0,0.4413674,1,
2022-06-14,MD,162,8,2,0,0,8,2.650401,2.984093,1,0.4483291,1,
2022-06-14,MD,162,8,2,0,0,8,3.485502,3.817206,1,0.4204825,1,
2022-06-14,MD,162,8,2,0,0,8,4.350531,4.683001,1,0.4552907,1,
2022-06-14,MD,162,8,2,0,0,8,5.193058,5.393145,1,0.4204825,1,
2022-06-14,MD,162,8,2,0,0,8,6.044169,6.326346,1,0.4413674,1,
2022-06-14,MD,162,8,2,0,0,8,6.881587,7.048977,1,0.4483291,1,
2022-06-14,MD,162,8,2,0,0,8,7.71509,8.112151,1,0.4483291,1,
2022-06-14,MD,163,8,3,0,0,7,1.816868,2.116125,1,0.4483291,1,
2022-06-14,MD,163,8,3,0,0,7,2.67227,2.962534,1,0.4204825,1,
2022-06-14,MD,163,8,3,0,0,7,3.515641,3.804115,1,0.4274442,1,
2022-06-14,MD,163,8,3,0,0,7,4.360262,0,0,0.4622523,1,
2022-06-14,MD,163,8,3,0,0,7,5.203922,5.559787,1,0.4483291,1,
2022-06-14,MD,163,8,3,0,0,7,6.037805,6.346923,1,0.4483291,1,
2022-06-14,MD,163,8,3,0,0,7,6.921043,0,0,0.4204825,1,
2022-06-14,MD,164,8,4,0,0,8,1.782589,0,0,0.4204825,1,
2022-06-14,MD,164,8,4,0,0,8,2.61714,2.978753,1,0.4344058,1,
2022-06-14,MD,164,8,4,0,0,8,3.451316,3.81615,1,0.4483291,1,
2022-06-14,MD,164,8,4,0,0,8,4.283456,4.605482,1,0.4622523,1,
2022-06-14,MD,164,8,4,0,0,8,5.117474,5.405681,1,0.4274442,1,
2022-06-14,MD,164,8,4,0,0,8,5.971117,6.281709,1,0.4274442,1,
2022-06-14,MD,164,8,4,0,0,8,6.815119,7.114973,1,0.4344058,1,
2022-06-14,MD,165,8,5,0,0,8,1.902059,0,0,0.4274442,1,
2022-06-14,MD,165,8,5,0,0,8,2.740346,0,0,0.4344058,1,
2022-06-14,MD,165,8,5,0,0,8,3.584315,0,0,0.4552907,1,
2022-06-14,MD,165,8,5,0,0,8,4.427318,4.928887,1,0.4204825,1,
2022-06-14,MD,165,8,5,0,0,8,5.262215,5.598057,1,0.4344058,1,
2022-06-14,MD,165,8,5,0,0,8,6.113682,0,0,0.4204825,1,
2022-06-14,MD,165,8,5,0,0,8,6.94932,7.294999,1,0.4274442,1,
2022-06-14,MD,165,8,5,0,0,8,7.792544,0,0,0.4552907,1,
2022-06-14,MD,166,8,6,0,0,8,2.139629,2.521257,1,0.4552907,1,
2022-06-14,MD,166,8,6,0,0,8,2.990944,3.329018,1,0.4622523,1,
2022-06-14,MD,166,8,6,0,0,8,3.838095,4.183905,1,0.4413674,1,
2022-06-14,MD,166,8,6,0,0,8,5.539363,5.972432,1,0.4204825,1,
2022-06-14,MD,166,8,6,0,0,8,6.381454,0,0,0.4622523,1,
2022-06-14,MD,166,8,6,0,0,8,7.225473,7.593673,1,0.4344058,1,
2022-06-14,MD,166,8,6,0,0,8,8.060493,8.436244,1,0.4344058,1,
2022-06-14,MD,167,8,7,0,0,8,2.783253,3.097737,1,0.4344058,1,
2022-06-14,MD,167,8,7,0,0,8,3.642444,3.928105,1,0.4274442,1,
2022-06-14,MD,167,8,7,0,0,8,4.492791,4.79322,1,0.4622523,1,
2022-06-14,MD,167,8,7,0,0,8,5.32795,0,0,0.4622523,1,
2022-06-14,MD,167,8,7,0,0,8,6.17195,0,0,0.4344058,1,
2022-06-14,MD,167,8,7,0,0,8,7.015182,7.305503,1,0.4622523,1,
2022-06-14,MD,167,8,7,0,0,8,7.84881,8.224151,1,0.4622523,1,
2022-06-14,MD,168,8,8,0,0,8,1.857933,2.322355,1,0.4483291,1,
2022-06-14,MD,168,8,8,0,0,8,2.705899,2.993645,1,0.4552907,1,
2022-06-14,MD,168,8,8,0,0,8,3.538589,0,0,0.4552907,1,
2022-06-14,MD,168,8,8,0,0,8,4.382854,4.715416,1,0.4622523,1,
2022-06-14,MD,168,8,8,0,0,8,5.216242,5.587653,1,0.4344058,1,
2022-06-14,MD,168,8,8,0,0,8,6.060459,6.371336,1,0.4622523,1,
2022-06-14,MD,168,8,8,0,0,8,7.059639,7.367981,1,0.4274442,1,
2022-06-14,MD,168,8,8,0,0,8,7.920868,8.229728,1,0.4483291,1,
2022-06-14,MD,169,8,9,0,0,7,1.82729,2.119263,1,0.4552907,1,
2022-06-14,MD,169,8,9,0,0,7,2.662902,2.983452,1,0.4274442,1,
2022-06-14,MD,169,8,9,0,0,7,3.505456,3.805457,1,0.4204825,1,
2022-06-14,MD,169,8,9,0,0,7,4.363376,4.650273,1,0.4204825,1,
2022-06-14,MD,169,8,9,0,0,7,5.204377,5.636209,1,0.4483291,1,
2022-06-14,MD,169,8,9,0,0,7,6.046174,0,0,0.4552907,1,
2022-06-14,MD,169,8,9,0,0,7,7.348567,0,0,0.4483291,1,
2022-06-14,MD,170,8,10,0,0,7,1.870678,2.288151,1,0.4274442,1,
2022-06-14,MD,170,8,10,0,0,7,2.704739,3.028348,1,0.4413674,1,
2022-06-14,MD,170,8,10,0,0,7,3.541661,3.843838,1,0.4274442,1,
2022-06-14,MD,170,8,10,0,0,7,4.394048,4.682651,1,0.4274442,1,
2022-06-14,MD,170,8,10,0,0,7,5.248127,5.555544,1,0.4274442,1,
2022-06-14,MD,170,8,10,0,0,7,6.092474,6.458482,1,0.4204825,1,
2022-06-14,MD,170,8,10,0,0,7,6.926692,0,0,0.4274442,1,
2022-06-14,MD,171,8,11,0,0,8,1.863017,2.162992,1,0.4483291,1,
2022-06-14,MD,171,8,11,0,0,8,2.707532,3.140637,1,0.4552907,1,
2022-06-14,MD,171,8,11,0,0,8,3.55051,3.862532,1,0.4204825,1,
2022-06-14,MD,171,8,11,0,0,8,4.384645,4.733157,1,0.4274442,1,
2022-06-14,MD,171,8,11,0,0,8,5.238883,5.583097,1,0.4413674,1,
2022-06-14,MD,171,8,11,0,0,8,6.071955,6.395176,1,0.4274442,1,
2022-06-14,MD,171,8,11,0,0,8,6.9175,7.281937,1,0.4483291,1,
2022-06-14,MD,172,8,12,0,0,8,2.035677,2.417593,1,0.4344058,1,
2022-06-14,MD,172,8,12,0,0,8,2.872346,3.181365,1,0.4344058,1,
2022-06-14,MD,172,8,12,0,0,8,3.717188,0,0,0.4274442,1,
2022-06-14,MD,172,8,12,0,0,8,4.561324,4.894993,1,0.4622523,1,
2022-06-14,MD,172,8,12,0,0,8,5.406137,5.773538,1,0.4274442,1,
2022-06-14,MD,172,8,12,0,0,8,6.239149,6.542507,1,0.4552907,1,
2022-06-14,MD,172,8,12,0,0,8,7.16655,7.449211,1,0.4274442,1,
2022-06-14,MD,172,8,12,0,0,8,8.007394,8.315221,1,0.4483291,1,
2022-06-14,MD,173,8,13,0,0,8,1.899904,2.211726,1,0.4274442,1,
2022-06-14,MD,173,8,13,0,0,8,2.739491,3.09421,1,0.4413674,1,
2022-06-14,MD,173,8,13,0,0,8,3.583246,0,0,0.4204825,1,
2022-06-14,MD,173,8,13,0,0,8,4.424799,4.882185,1,0.4344058,1,
2022-06-14,MD,173,8,13,0,0,8,5.261662,5.632958,1,0.4552907,1,
2022-06-14,MD,173,8,13,0,0,8,6.107874,6.428109,1,0.4413674,1,
2022-06-14,MD,173,8,13,0,0,8,6.949097,7.271716,1,0.4274442,1,
2022-06-14,MD,173,8,13,0,0,8,7.81086,8.180926,1,0.4204825,1,
2022-06-14,MD,174,8,14,0,0,7,1.833314,2.184272,1,0.4552907,1,
2022-06-14,MD,174,8,14,0,0,7,2.672902,2.940037,1,0.4413674,1,
2022-06-14,MD,174,8,14,0,0,7,3.507852,3.783322,1,0.4344058,1,
2022-06-14,MD,174,8,14,0,0,7,4.362566,4.661529,1,0.4344058,1,
2022-06-14,MD,174,8,14,0,0,7,5.205131,5.505856,1,0.4274442,1,
2022-06-14,MD,174,8,14,0,0,7,6.045905,6.370591,1,0.4274442,1,
2022-06-14,MD,174,8,14,0,0,7,7.772197,8.182515,1,0.4622523,1,
2022-06-14,MD,175,8,15,0,0,8,2.166657,2.594112,1,0.4622523,1,
2022-06-14,MD,175,8,15,0,0,8,3.016426,0,0,0.4344058,1,
2022-06-14,MD,175,8,15,0,0,8,3.872753,4.204415,1,0.4413674,1,
2022-06-14,MD,175,8,15,0,0,8,4.716914,5.038441,1,0.4483291,1,
2022-06-14,MD,175,8,15,0,0,8,5.550255,5.849419,1,0.4274442,1,
2022-06-14,MD,175,8,15,0,0,8,6.403526,6.727559,1,0.4552907,1,
2022-06-14,MD,175,8,15,0,0,8,7.247642,7.621274,1,0.4204825,1,
2022-06-14,MD,175,8,15,0,0,8,8.09365,8.481149,1,0.4552907,1,
2022-06-14,MD,176,8,16,0,0,8,2.672579,0,0,0.4204825,1,
2022-06-14,MD,176,8,16,0,0,8,3.5072,3.905596,1,0.4204825,1,
2022-06-14,MD,176,8,16,0,0,8,4.360415,4.748506,1,0.4344058,1,
2022-06-14,MD,176,8,16,0,0,8,5.203789,5.526456,1,0.4552907,1,
2022-06-14,MD,176,8,16,0,0,8,6.03799,6.496612,1,0.4552907,1,
2022-06-14,MD,176,8,16,0,0,8,6.880831,7.202766,1,0.4204825,1,
2022-06-14,MD,176,8,16,0,0,8,7.71502,0,0,0.4552907,1,
2022-06-14,MD,177,8,17,0,0,7,1.52889,0,0,0.4622523,1,
2022-06-14,MD,177,8,17,0,0,7,2.362142,2.761718,1,0.4274442,1,
2022-06-14,MD,177,8,17,0,0,7,3.204187,3.527274,1,0.4344058,1,
2022-06-14,MD,177,8,17,0,0,7,4.045959,4.359751,1,0.4622523,1,
2022-06-14,MD,177,8,17,0,0,7,5.759751,0,0,0.4204825,1,
2022-06-14,MD,177,8,17,0,0,7,6.593287,0,0,0.4483291,1,
2022-06-14,MD,178,8,18,0,0,8,1.79857,0,0,0.4413674,1,
2022-06-14,MD,178,8,18,0,0,8,2.637628,3.00597,1,0.4552907,1,
2022-06-14,MD,178,8,18,0,0,8,4.327567,4.738789,1,0.4483291,1,
2022-06-14,MD,178,8,18,0,0,8,5.162033,0,0,0.4483291,1,
2022-06-14,MD,178,8,18,0,0,8,6.004131,6.338205,1,0.4344058,1,
2022-06-14,MD,178,8,18,0,0,8,6.83848,7.159432,1,0.4274442,1,
2022-06-14,MD,178,8,18,0,0,8,7.679513,8.037517,1,0.4413674,1,
2022-06-14,MD,179,8,19,0,0,8,1.929618,2.327724,1,0.4413674,1,
2022-06-14,MD,179,8,19,0,0,8,2.763052,3.039229,1,0.4344058,1,
2022-06-14,MD,179,8,19,0,0,8,3.604158,3.880534,1,0.4344058,1,
2022-06-14,MD,179,8,19,0,0,8,4.473842,4.778479,1,0.4622523,1,
2022-06-14,MD,179,8,19,0,0,8,5.307151,5.595686,1,0.4483291,1,
2022-06-14,MD,179,8,19,0,0,8,6.148406,0,0,0.4483291,1,
2022-06-14,MD,179,8,19,0,0,8,6.992862,7.304062,1,0.4344058,1,
2022-06-14,MD,179,8,19,0,0,8,7.837972,8.205887,1,0.4622523,1,
2022-06-14,MD,180,9,0,0,1,8,1.832415,2.173439,1,0.4483291,1,
2022-06-14,MD,180,9,0,0,1,8,2.680873,2.983322,1,0.4552907,1,
2022-06-14,MD,180,9,0,0,1,8,3.51752,0,0,0.4204825,1,
2022-06-14,MD,180,9,0,0,1,8,4.360324,4.671119,1,0.4483291,1,
2022-06-14,MD,180,9,0,0,1,8,5.204777,5.515944,1,0.4344058,1,
2022-06-14,MD,180,9,0,0,1,8,6.038877,6.314962,1,0.4413674,1,
2022-06-14,MD,180,9,0,0,1,8,6.893256,7.192813,1,0.4552907,1,
2022-06-14,MD,180,9,0,0,1,8,7.747912,8.09166,1,0.4483291,1,
2022-06-14,MD,181,9,1,0,1,8,1.775949,2.085924,1,0.4274442,1,
2022-06-14,MD,181,9,1,0,1,8,2.620055,2.942082,1,0.4483291,1,
2022-06-14,MD,181,9,1,0,1,8,3.453064,3.774968,1,0.4552907,1,
2022-06-14,MD,181,9,1,0,1,8,4.295801,4.606793,1,0.4274442,1,
2022-06-14,MD,181,9,1,0,1,8,5.153601,5.485351,1,0.4344058,1,
2022-06-14,MD,181,9,1,0,1,8,5.996104,6.318453,1,0.4483291,1,
2022-06-14,MD,181,9,1,0,1,8,6.839152,7.284332,1,0.4274442,1,
2022-06-14,MD,181,9,1,0,1,8,7.872207,8.29458,1,0.4622523,1,
2022-06-14,MD,182,9,2,0,1,8,2.001077,0,0,0.4344058,1,
2022-06-14,MD,182,9,2,0,1,8,2.844778,3.312963,1,0.4483291,1,
2022-06-14,MD,182,9,2,0,1,8,3.701458,4.053525,1,0.4344058,1,
2022-06-14,MD,182,9,2,0,1,8,4.545239,4.936445,1,0.4483291,1,
2022-06-14,MD,182,9,2,0,1,8,5.403848,5.732633,1,0.4622523,1,
2022-06-14,MD,182,9,2,0,1,8,6.24379,6.611,1,0.4204825,1,
2022-06-14,MD,182,9,2,0,1,8,7.928104,8.431625,1,0.4483291,1,
2022-06-14,MD,183,9,3,0,1,8,2.110399,0,0,0.4483291,1,
2022-06-14,MD,183,9,3,0,1,8,2.95369,3.276501,1,0.4204825,1,
2022-06-14,MD,183,9,3,0,1,8,3.78865,4.055031,1,0.4413674,1,
2022-06-14,MD,183,9,3,0,1,8,4.632741,4.937309,1,0.4552907,1,
2022-06-14,MD,183,9,3,0,1,8,5.476378,5.798716,1,0.4344058,1,
2022-06-14,MD,183,9,3,0,1,8,6.309717,0,0,0.4483291,1,
2022-06-14,MD,183,9,3,0,1,8,7.146969,7.517438,1,0.4483291,1,
2022-06-14,MD,183,9,3,0,1,8,7.988008,8.379033,1,0.4483291,1,
2022-06-14,MD,184,9,4,0,1,8,2.040725,2.356185,1,0.4413674,1,
2022-06-14,MD,184,9,4,0,1,8,2.883875,3.194342,1,0.4483291,1,
2022-06-14,MD,184,9,4,0,1,8,3.728389,0,0,0.4552907,1,
2022-06-14,MD,184,9,4,0,1,8,4.571897,4.883298,1,0.4274442,1,
2022-06-14,MD,184,9,4,0,1,8,5.416897,5.74941,1,0.4622523,1,
2022-06-14,MD,184,9,4,0,1,8,6.260979,6.605432,1,0.4413674,1,
2022-06-14,MD,184,9,4,0,1,8,7.10361,7.425955,1,0.4483291,1,
2022-06-14,MD,184,9,4,0,1,8,7.937412,0,0,0.4204825,1,
2022-06-14,MD,185,9,5,0,1,8,1.854511,2.198066,1,0.4622523,1,
2022-06-14,MD,185,9,5,0,1,8,3.529605,3.876895,1,0.4204825,1,
2022-06-14,MD,185,9,5,0,1,8,4.385084,4.750236,1,0.4483291,1,
2022-06-14,MD,185,9,5,0,1,8,5.230116,5.590983,1,0.4274442,1,
2022-06-14,MD,185,9,5,0,1,8,6.068829,6.392503,1,0.4552907,1,
2022-06-14,MD,185,9,5,0,1,8,6.90705,7.249576,1,0.4204825,1,
2022-06-14,MD,185,9,5,0,1,8,7.764672,8.127911,1,0.4622523,1,
2022-06-14,MD,186,9,6,0,1,8,1.832124,2.237174,1,0.4483291,1,
2022-06-14,MD,186,9,6,0,1,8,2.676583,0,0,0.4413674,1,
2022-06-14,MD,186,9,6,0,1,8,3.519647,4.010712,1,0.4622523,1,
2022-06-14,MD,186,9,6,0,1,8,4.353415,4.69684,1,0.4552907,1,
2022-06-14,MD,186,9,6,0,1,8,5.200089,5.575293,1,0.4622523,1,
2022-06-14,MD,186,9,6,0,1,8,6.048031,6.474031,1,0.4204825,1,
2022-06-14,MD,186,9,6,0,1,8,6.900898,7.21121,1,0.4552907,1,
2022-06-14,MD,186,9,6,0,1,8,7.751968,8.097897,1,0.4344058,1,
2022-06-14,MD,187,9,7,0,1,8,1.784694,2.154025,1,0.4413674,1,
2022-06-14,MD,187,9,7,0,1,8,3.455058,3.774968,1,0.4622523,1,
2022-06-14,MD,187,9,7,0,1,8,4.295731,4.691722,1,0.4552907,1,
2022-06-14,MD,187,9,7,0,1,8,5.155738,5.49651,1,0.4483291,1,
2022-06-14,MD,187,9,7,0,1,8,6.006219,6.337061,1,0.4204825,1,
2022-06-14,MD,187,9,7,0,1,8,6.84213,7.237983,1,0.4483291,1,
2022-06-14,MD,187,9,7,0,1,8,7.68368,8.02795,1,0.4274442,1,
2022-06-14,MD,188,9,8,0,1,8,1.838589,0,0,0.4204825,1,
2022-06-14,MD,188,9,8,0,1,8,2.688637,3.09687,1,0.4204825,1,
2022-06-14,MD,188,9,8,0,1,8,3.540746,3.840059,1,0.4622523,1,
2022-06-14,MD,188,9,8,0,1,8,4.399879,4.739912,1,0.4622523,1,
2022-06-14,MD,188,9,8,0,1,8,6.084228,0,0,0.4274442,1,
2022-06-14,MD,188,9,8,0,1,8,6.924212,0,0,0.4413674,1,
2022-06-14,MD,188,9,8,0,1,8,7.760588,8.415528,1,0.4204825,1,
2022-06-14,MD,189,9,9,0,1,7,1.775681,2.144762,1,0.4204825,1,
2022-06-14,MD,189,9,9,0,1,7,2.631379,2.953571,1,0.4274442,1,
2022-06-14,MD,189,9,9,0,1,7,4.308598,4.697165,1,0.4204825,1,
2022-06-14,MD,189,9,9,0,1,7,5.14184,5.450002,1,0.4622523,1,
2022-06-14,MD,189,9,9,0,1,7,5.985162,6.335059,1,0.4204825,1,
2022-06-14,MD,189,9,9,0,1,7,6.841393,7.152388,1,0.4622523,1,
2022-06-14,MD,190,9,10,0,1,8,2.641316,3.064236,1,0.4622523,1,
2022-06-14,MD,190,9,10,0,1,8,3.474639,0,0,0.4413674,1,
2022-06-14,MD,190,9,10,0,1,8,4.339959,4.693443,1,0.4552907,1,
2022-06-14,MD,190,9,10,0,1,8,6.029784,6.384725,1,0.4622523,1,
2022-06-14,MD,190,9,10,0,1,8,6.872476,7.235157,1,0.4274442,1,
2022-06-14,MD,190,9,10,0,1,8,7.707922,8.039518,1,0.4483291,1,
2022-06-14,MD,191,9,11,0,1,8,1.862619,2.217744,1,0.4483291,1,
2022-06-14,MD,191,9,11,0,1,8,2.717867,3.050253,1,0.4274442,1,
2022-06-14,MD,191,9,11,0,1,8,3.558826,3.88208,1,0.4483291,1,
2022-06-14,MD,191,9,11,0,1,8,4.394818,4.717175,1,0.4274442,1,
2022-06-14,MD,191,9,11,0,1,8,5.248487,5.616663,1,0.4204825,1,
2022-06-14,MD,191,9,11,0,1,8,6.299242,6.726671,1,0.4622523,1,
2022-06-14,MD,191,9,11,0,1,8,7.148665,7.470509,1,0.4413674,1,
2022-06-14,MD,191,9,11,0,1,8,8.007168,8.426105,1,0.4552907,1,
2022-06-14,MD,192,9,12,0,1,8,1.774357,2.139027,1,0.4274442,1,
2022-06-14,MD,192,9,12,0,1,8,2.624553,2.88041,1,0.4552907,1,
2022-06-14,MD,192,9,12,0,1,8,4.316228,4.689513,1,0.4274442,1,
2022-06-14,MD,192,9,12,0,1,8,5.162247,5.464764,1,0.4274442,1,
2022-06-14,MD,192,9,12,0,1,8,6.003695,0,0,0.4622523,1,
2022-06-14,MD,192,9,12,0,1,8,6.838767,0,0,0.4344058,1,
2022-06-14,MD,192,9,12,0,1,8,7.681118,7.969145,1,0.4274442,1,
2022-06-14,MD,193,9,13,0,1,8,2.886922,3.210511,1,0.4622523,1,
2022-06-14,MD,193,9,13,0,1,8,3.743989,4.054623,1,0.4413674,1,
2022-06-14,MD,193,9,13,0,1,8,4.588558,4.876875,1,0.4413674,1,
2022-06-14,MD,193,9,13,0,1,8,5.422302,5.725271,1,0.4413674,1,
2022-06-14,MD,193,9,13,0,1,8,6.263522,6.563899,1,0.4274442,1,
2022-06-14,MD,193,9,13,0,1,8,7.105539,7.399675,1,0.4483291,1,
2022-06-14,MD,193,9,13,0,1,8,7.965873,8.264215,1,0.4483291,1,
2022-06-14,MD,194,9,14,0,1,7,1.911976,2.257045,1,0.4622523,1,
2022-06-14,MD,194,9,14,0,1,7,2.771365,3.045709,1,0.4413674,1,
2022-06-14,MD,194,9,14,0,1,7,3.622784,3.910897,1,0.4413674,1,
2022-06-14,MD,194,9,14,0,1,7,4.456353,4.793977,1,0.4483291,1,
2022-06-14,MD,194,9,14,0,1,7,5.300772,5.600025,1,0.4483291,1,
2022-06-14,MD,194,9,14,0,1,7,6.132138,6.443705,1,0.4483291,1,
2022-06-14,MD,194,9,14,0,1,7,6.974227,7.30863,1,0.4413674,1,
2022-06-14,MD,195,9,15,0,1,8,1.949791,2.26049,1,0.4552907,1,
2022-06-14,MD,195,9,15,0,1,8,2.797424,3.11131,1,0.4274442,1,
2022-06-14,MD,195,9,15,0,1,8,3.633831,4.057026,1,0.4274442,1,
2022-06-14,MD,195,9,15,0,1,8,4.477798,4.801097,1,0.4483291,1,
2022-06-14,MD,195,9,15,0,1,8,5.323185,5.611925,1,0.4483291,1,
2022-06-14,MD,195,9,15,0,1,8,6.423039,6.821543,1,0.4483291,1,
2022-06-14,MD,195,9,15,0,1,8,7.284511,7.632775,1,0.4552907,1,
2022-06-14,MD,195,9,15,0,1,8,8.12083,8.478573,1,0.4204825,1,
2022-06-14,MD,196,9,16,0,1,8,2.246878,0,0,0.4274442,1,
2022-06-14,MD,196,9,16,0,1,8,3.09956,3.4866,1,0.4204825,1,
2022-06-14,MD,196,9,16,0,1,8,3.94264,4.331553,1,0.4622523,1,
2022-06-14,MD,196,9,16,0,1,8,5.630617,6.010512,1,0.4274442,1,
2022-06-14,MD,196,9,16,0,1,8,6.477893,6.840042,1,0.4483291,1,
2022-06-14,MD,196,9,16,0,1,8,7.322338,7.66187,1,0.4344058,1,
2022-06-14,MD,196,9,16,0,1,8,8.178654,8.528204,1,0.4204825,1,
2022-06-14,MD,197,9,17,0,1,8,1.778012,0,0,0.4204825,1,
2022-06-14,MD,197,9,17,0,1,8,2.612482,2.947293,1,0.4274442,1,
2022-06-14,MD,197,9,17,0,1,8,3.452429,0,0,0.4483291,1,
2022-06-14,MD,197,9,17,0,1,8,4.299479,4.621707,1,0.4483291,1,
2022-06-14,MD,197,9,17,0,1,8,5.143991,5.454122,1,0.4344058,1,
2022-06-14,MD,197,9,17,0,1,8,5.977232,6.281761,1,0.4552907,1,
2022-06-14,MD,197,9,17,0,1,8,6.809931,7.118989,1,0.4552907,1,
2022-06-14,MD,197,9,17,0,1,8,7.652615,0,0,0.4552907,1,
2022-06-14,MD,198,9,18,0,1,8,2.6633,2.983283,1,0.4413674,1,
2022-06-14,MD,198,9,18,0,1,8,3.496586,3.83876,1,0.4552907,1,
2022-06-14,MD,198,9,18,0,1,8,4.344159,4.644957,1,0.4204825,1,
2022-06-14,MD,198,9,18,0,1,8,5.195997,5.516248,1,0.4413674,1,
2022-06-14,MD,198,9,18,0,1,8,6.048132,6.385636,1,0.4483291,1,
2022-06-14,MD,198,9,18,0,1,8,6.88818,7.216328,1,0.4483291,1,
2022-06-14,MD,198,9,18,0,1,8,7.728425,8.037893,1,0.4483291,1,
2022-06-14,MD,199,9,19,0,1,8,1.87429,0,0,0.4344058,1,
2022-06-14,MD,199,9,19,0,1,8,2.708344,3.151717,1,0.4413674,1,
2022-06-14,MD,199,9,19,0,1,8,4.39693,0,0,0.4413674,1,
2022-06-14,MD,199,9,19,0,1,8,5.238357,5.628967,1,0.4622523,1,
2022-06-14,MD,199,9,19,0,1,8,6.092034,0,0,0.4274442,1,
2022-06-14,MD,199,9,19,0,1,8,6.953046,7.339174,1,0.4274442,1,
2022-06-14,MD,199,9,19,0,1,8,7.783895,8.417719,1,0.4552907,1,
