date,participant,trial,block,trialID,isPrac,isStationary,nTarg,targOnset,targRT,targCor,targContrast,targContrastPosIdx,qStaircase,intActualE,degActualE,FA_rt,,
2022-07-22,s002,0,0,0,1,1,8,2.160123,0,0,0.46,4,0,1,91.63606,
2022-07-22,s002,0,0,0,1,1,8,3.016352,0,0,0.46,4,0,1,101.8125,
2022-07-22,s002,0,0,0,1,1,8,3.858129,0,0,0.46,4,0,1,102.2113,
2022-07-22,s002,0,0,0,1,1,8,4.722576,0,0,0.46,4,0,1,98.57693,
2022-07-22,s002,0,0,0,1,1,8,5.647749,0,0,0.46,4,0,1,78.50044,
2022-07-22,s002,1,0,0,1,1,8,8.32944,0,0,0.46,4,0,1,94.55918,
2022-07-22,s002,1,0,1,1,1,8,1.993552,0,0,0.46,4,0,1,69.99967,
2022-07-22,s002,1,0,1,1,1,8,2.857086,0,0,0.46,4,0,1,68.78645,
2022-07-22,s002,1,0,1,1,1,8,3.702336,0,0,0.46,4,0,1,76.11821,
2022-07-22,s002,1,0,1,1,1,8,4.565095,0,0,0.46,4,0,1,74.63651,
2022-07-22,s002,1,0,1,1,1,8,5.412347,0,0,0.46,4,0,1,73.60906,
2022-07-22,s002,1,0,1,1,1,8,6.275647,0,0,0.46,4,0,1,81.14185,
2022-07-22,s002,1,0,1,1,1,8,7.112315,0,0,0.46,4,0,1,105.4544,
2022-07-22,s002,1,0,1,1,1,8,7.945704,0,0,0.46,4,0,1,108.1079,
2022-07-22,s002,2,0,2,1,1,7,1.824576,0,0,0.46,4,0,1,81.15276,
2022-07-22,s002,2,0,2,1,1,7,2.679251,0,0,0.6913232,3,0,1,80.64886,
2022-07-22,s002,2,0,2,1,1,7,3.535536,0,0,0.8791938,6,0,1,80.19478,
2022-07-22,s002,2,0,2,1,1,7,5.223228,0,0,0.9064416,5,0,1,79.88196,
2022-07-22,s002,2,0,2,1,1,7,7.764859,0,0,0.8789943,1,0,1,82.78176,
2022-07-22,s002,3,0,3,1,1,8,2.681989,0,0,0.8997371,2,0,1,80.27703,
2022-07-22,s002,3,0,3,1,1,8,4.362267,0,0,0.9410732,6,0,1,80.00616,
2022-07-22,s002,3,0,3,1,1,8,5.212897,0,0,0.9275917,3,0,1,81.18484,
2022-07-22,s002,3,0,3,1,1,8,6.065367,0,0,0.9208649,1,0,1,80.66962,
2022-07-22,s002,3,0,3,1,1,8,7.745633,0,0,0.9286969,2,0,1,79.96548,
2022-07-22,s002,4,0,4,1,1,7,2.669362,0,0,0.9475081,5,0,1,81.41974,
2022-07-22,s002,4,0,4,1,1,7,3.502969,0,0,0.9463786,4,0,1,81.13682,
2022-07-22,s002,4,0,4,1,1,7,4.357096,0,0,0.932642,0,0,1,81.44659,
2022-07-22,s002,4,0,4,1,1,7,5.213241,0,0,0.9490817,4,0,1,80.84062,
2022-07-22,s002,4,0,4,1,1,7,6.067425,0,0,0.9546105,6,0,1,80.52682,
2022-07-22,s002,4,0,4,1,1,7,6.9118,0,0,0.9407544,1,0,1,80.11107,
2022-07-22,s002,5,0,5,1,1,7,1.902001,0,0,0.9479616,3,0,1,79.21471,
2022-07-22,s002,5,0,5,1,1,7,2.746892,0,0,0.9450995,2,0,1,79.87254,
2022-07-22,s002,5,0,5,1,1,7,3.610364,0,0,0.9424375,0,0,1,81.15292,
2022-07-22,s002,5,0,5,1,1,7,4.45749,0,0,0.9451902,1,0,1,81.47059,
2022-07-22,s002,5,0,5,1,1,7,5.291268,0,0,0.9557747,5,0,1,81.67378,
2022-07-22,s002,5,0,5,1,1,7,6.990134,0,0,0.9578202,6,0,1,82.22945,
2022-07-22,s002,6,0,6,1,1,8,2.034635,0,0,0.9520055,3,0,1,83.26218,
2022-07-22,s002,6,0,6,1,1,8,2.86909,0,0,0.952467,3,0,1,82.78777,
2022-07-22,s002,6,0,6,1,1,8,3.713809,0,0,0.9585586,6,0,1,84.89429,
2022-07-22,s002,6,0,6,1,1,8,5.401935,0,0,0.9586722,6,0,1,82.74759,
2022-07-22,s002,6,0,6,1,1,8,6.250962,0,0,0.9510169,2,0,1,82.48656,
2022-07-22,s002,6,0,6,1,1,8,7.156502,0,0,0.9487603,0,0,1,82.62557,
2022-07-22,s002,6,0,6,1,1,8,8.000278,0,0,0.9594011,6,0,1,82.55435,
2022-07-22,s002,7,0,7,1,1,8,2.25909,0,0,0.9507638,1,0,1,81.7779,
2022-07-22,s002,7,0,7,1,1,8,3.118878,0,0,0.95851,5,0,1,81.71568,
2022-07-22,s002,7,0,7,1,1,8,3.969313,0,0,0.9550458,3,0,1,80.41545,
2022-07-22,s002,7,0,7,1,1,8,4.832128,0,0,0.9529117,2,0,1,81.52154,
2022-07-22,s002,7,0,7,1,1,8,5.670554,0,0,0.9520292,1,0,1,82.11189,
2022-07-22,s002,7,0,7,1,1,8,6.532877,0,0,0.9589959,5,0,1,82.14849,
2022-07-22,s002,7,0,7,1,1,8,7.37918,0,0,0.9601419,6,0,1,80.76327,
2022-07-22,s002,8,0,7,1,1,8,8.24376,0,0,0.9518901,0,0,1,82.67913,
2022-07-22,s002,8,0,8,1,1,8,1.751514,0,0,0.9561762,3,0,1,80.02146,
2022-07-22,s002,8,0,8,1,1,8,2.596137,0,0,0.9532796,1,0,1,80.04136,
2022-07-22,s002,8,0,8,1,1,8,3.450575,0,0,0.9524122,0,0,1,79.81445,
2022-07-22,s002,8,0,8,1,1,8,4.295443,0,0,0.9606346,6,0,1,78.83765,
2022-07-22,s002,8,0,8,1,1,8,5.15006,0,0,0.9587381,4,0,1,78.91886,
2022-07-22,s002,8,0,8,1,1,8,5.993859,0,0,0.9588528,4,0,1,79.18633,
2022-07-22,s002,9,0,9,1,1,8,1.831989,0,0,0.9529846,0,0,1,84.02094,
2022-07-22,s002,9,0,9,1,1,8,2.683644,0,0,0.9600435,5,0,1,83.12334,
2022-07-22,s002,9,0,9,1,1,8,3.531348,0,0,0.9532426,0,0,1,81.96532,
2022-07-22,s002,9,0,9,1,1,8,4.395259,0,0,0.957273,3,0,1,82.82964,
2022-07-22,s002,9,0,9,1,1,8,5.241771,0,0,0.957366,3,0,1,83.85646,
2022-07-22,s002,9,0,9,1,1,8,6.106231,0,0,0.9613045,6,0,1,83.6657,
2022-07-22,s002,9,0,9,1,1,8,6.951299,0,0,0.9594496,4,0,1,83.92015,
2022-07-22,s002,9,0,9,1,1,8,7.818627,0,0,0.9595149,4,0,1,84.27483,
2022-07-22,s002,10,0,10,1,1,8,1.825575,0,0,0.9558334,2,0,1,82.4223,
2022-07-22,s002,10,0,10,1,1,8,2.669809,0,0,0.9559263,2,0,1,84.60657,
2022-07-22,s002,10,0,10,1,1,8,3.510906,0,0,0.956017,2,0,1,82.41782,
2022-07-22,s002,10,0,10,1,1,8,4.346294,0,0,0.9579153,3,0,1,81.35407,
2022-07-22,s002,10,0,10,1,1,8,5.216381,0,0,0.9597672,4,0,1,81.21024,
2022-07-22,s002,10,0,10,1,1,8,6.921352,0,0,0.9606886,5,0,1,79.54093,
2022-07-22,s002,10,0,10,1,1,8,7.767127,0,0,0.9598433,4,0,1,78.46465,
2022-07-22,s002,11,0,11,1,1,8,1.870773,0,0,0.9598759,4,0,1,86.68264,
2022-07-22,s002,11,0,11,1,1,8,2.719188,0,0,0.9582201,3,0,1,86.43882,
2022-07-22,s002,11,0,11,1,1,8,3.581087,0,0,0.9615887,6,0,1,86.30331,
2022-07-22,s002,11,0,11,1,1,8,5.268294,0,0,0.9566979,2,0,1,82.75941,
2022-07-22,s002,11,0,11,1,1,8,6.113833,0,0,0.9559759,1,0,1,80.47975,
2022-07-22,s002,11,0,11,1,1,8,6.957067,0,0,0.9552832,0,0,1,80.09769,
2022-07-22,s002,11,0,11,1,1,8,7.797231,0,0,0.9553902,0,0,1,78.8725,
2022-07-22,s002,12,0,12,1,1,8,1.730245,0,0,0.9615219,6,0,1,85.91574,
2022-07-22,s002,12,0,12,1,1,8,2.573028,0,0,0.9570808,2,0,1,88.03101,
2022-07-22,s002,12,0,12,1,1,8,3.407524,0,0,0.9614694,6,0,1,88.71958,
2022-07-22,s002,12,0,12,1,1,8,4.261168,0,0,0.9607362,5,0,1,88.04031,
2022-07-22,s002,12,0,12,1,1,8,5.116778,0,0,0.9600368,4,0,1,86.06178,
2022-07-22,s002,12,0,12,1,1,8,5.971599,0,0,0.9587094,3,0,1,85.53939,
2022-07-22,s002,12,0,12,1,1,8,6.815315,0,0,0.9573938,2,0,1,84.30065,
2022-07-22,s002,12,0,12,1,1,8,7.653718,0,0,0.9614903,6,0,1,83.76252,
2022-07-22,s002,13,0,13,1,1,7,1.840782,0,0,0.960852,5,0,1,86.08796,
2022-07-22,s002,13,0,13,1,1,7,3.520442,0,0,0.9588455,3,0,1,86.295,
2022-07-22,s002,13,0,13,1,1,7,4.364243,0,0,0.9602436,4,0,1,85.21754,
2022-07-22,s002,13,0,13,1,1,7,5.208622,0,0,0.9575373,2,0,1,85.00316,
2022-07-22,s002,13,0,13,1,1,7,6.052044,0,0,0.9561892,0,0,1,85.4018,
2022-07-22,s002,13,0,13,1,1,7,6.9077,0,0,0.9617168,6,0,1,83.80305,
2022-07-22,s002,14,0,14,1,1,8,1.707578,0,0,0.9576115,2,0,1,84.92757,
2022-07-22,s002,14,0,14,1,1,8,2.551446,0,0,0.9590172,3,0,1,85.07413,
2022-07-22,s002,14,0,14,1,1,8,5.103232,0,0,0.9618148,6,0,1,84.67339,
2022-07-22,s002,14,0,14,1,1,8,5.949196,0,0,0.9618456,6,0,1,84.1373,
2022-07-22,s002,14,0,14,1,1,8,6.817812,0,0,0.9563097,0,0,1,85.09782,
2022-07-22,s002,14,0,14,1,1,8,7.660791,0,0,0.9619038,6,0,1,82.89791,
2022-07-22,s002,15,0,15,1,1,8,1.745487,0,0,0.9563449,0,0,1,83.49429,
2022-07-22,s002,15,0,15,1,1,8,2.594498,0,0,0.95916,3,0,1,83.17295,
2022-07-22,s002,15,0,15,1,1,8,3.455476,0,0,0.9591817,3,0,1,82.74283,
2022-07-22,s002,15,0,15,1,1,8,4.301531,0,0,0.9592025,3,0,1,83.27274,
2022-07-22,s002,15,0,15,1,1,8,5.133739,0,0,0.9620362,6,0,1,84.85798,
2022-07-22,s002,15,0,15,1,1,8,5.979456,0,0,0.9571297,1,0,1,85.24837,
2022-07-22,s002,15,0,15,1,1,8,7.670969,0,0,0.957145,1,0,1,83.96277,
2022-07-22,s002,16,0,16,1,1,8,1.803537,0,0,0.9578665,2,0,1,80.24751,
2022-07-22,s002,16,0,16,1,1,8,2.643566,0,0,0.9571743,1,0,1,79.56846,
2022-07-22,s002,16,0,16,1,1,8,5.202281,0,0,0.962149,6,0,1,77.77657,
2022-07-22,s002,16,0,16,1,1,8,6.057166,0,0,0.9564931,0,0,1,77.34701,
2022-07-22,s002,16,0,16,1,1,8,6.902524,0,0,0.9593481,3,0,1,76.07643,
2022-07-22,s002,16,0,16,1,1,8,7.769137,0,0,0.961499,5,0,1,80.56854,
2022-07-22,s002,17,0,17,1,1,8,1.956275,0,0,0.96223,6,0,1,83.21989,
2022-07-22,s002,17,0,17,1,1,8,3.638264,0,0,0.9593956,3,0,1,82.13127,
2022-07-22,s002,17,0,17,1,1,8,4.482345,0,0,0.9572674,1,0,1,81.49094,
2022-07-22,s002,17,0,17,1,1,8,5.337669,0,0,0.9622849,6,0,1,81.62867,
2022-07-22,s002,17,0,17,1,1,8,6.192654,0,0,0.961587,5,0,1,80.36221,
2022-07-22,s002,17,0,17,1,1,8,7.03651,0,0,0.9608861,4,0,1,82.16636,
2022-07-22,s002,17,0,17,1,1,8,7.876049,0,0,0.960901,4,0,1,84.79858,
2022-07-22,s002,18,0,18,1,1,7,1.690205,0,0,0.9566052,0,0,1,83.08071,
2022-07-22,s002,18,0,18,1,1,7,2.526287,0,0,0.9566145,0,0,1,83.75546,
2022-07-22,s002,18,0,18,1,1,7,3.358691,0,0,0.9616622,5,0,1,83.13055,
2022-07-22,s002,18,0,18,1,1,7,4.214069,0,0,0.9573531,1,0,1,82.96259,
2022-07-22,s002,18,0,18,1,1,7,5.907665,0,0,0.9609683,4,0,1,83.72478,
2022-07-22,s002,18,0,18,1,1,7,6.747571,0,0,0.9573717,1,0,1,82.63623,
2022-07-22,s002,19,0,19,1,1,8,1.770163,0,0,0.9595479,3,0,1,85.62406,
2022-07-22,s002,19,0,19,1,1,8,2.608629,0,0,0.9595587,3,0,1,84.45334,
2022-07-22,s002,19,0,19,1,1,8,3.447673,0,0,0.9566741,0,0,1,84.53923,
2022-07-22,s002,19,0,19,1,1,8,4.312232,0,0,0.9624764,6,0,1,82.64289,
2022-07-22,s002,19,0,19,1,1,8,5.156404,0,0,0.962489,6,0,1,83.45258,
2022-07-22,s002,19,0,19,1,1,8,6.020914,0,0,0.9581481,2,0,1,85.11502,
2022-07-22,s002,19,0,19,1,1,8,6.867132,0,0,0.9574303,1,0,1,83.93037,
2022-07-22,s002,19,0,19,1,1,8,7.711215,0,0,0.9567109,0,0,1,85.79037,
2022-07-22,s002,20,1,0,0,0,8,1.968935,0,0,0.9574447,1,1,1,25.36029,
2022-07-22,s002,20,1,0,0,0,8,2.812904,0,0,0.8165475,6,1,1,23.98629,
2022-07-22,s002,20,1,0,0,0,8,3.668757,0,0,0.9126065,4,1,1,24.41139,
2022-07-22,s002,20,1,0,0,0,8,4.51273,0,0,0.9314971,5,1,1,26.72169,
2022-07-22,s002,20,1,0,0,0,8,5.368477,0,0,0.9327698,4,1,1,27.51339,
2022-07-22,s002,20,1,0,0,0,8,6.211524,0,0,0.9291599,3,1,1,30.59902,
2022-07-22,s002,20,1,0,0,0,8,7.064276,0,0,0.9187976,0,1,1,29.78637,
2022-07-22,s002,20,1,0,0,0,8,7.900871,0,0,0.9265558,1,1,1,32.28935,
2022-07-22,s002,21,1,1,0,0,8,3.603135,0,0,0.9300057,1,1,1,42.13973,
2022-07-22,s002,21,1,1,0,0,8,4.469111,0,0,0.9301103,0,1,1,35.15923,
2022-07-22,s002,21,1,1,0,0,8,5.31404,0,0,0.9505073,5,1,1,34.78466,
2022-07-22,s002,21,1,1,0,0,8,6.176391,0,0,0.9445837,3,1,1,35.3754,
2022-07-22,s002,21,1,1,0,0,8,7.023386,0,0,0.9547291,6,1,1,32.72665,
2022-07-22,s002,21,1,1,0,0,8,7.867287,0,0,0.9512828,4,1,1,34.26659,
2022-07-22,s002,22,1,2,0,0,7,1.749096,0,0,0.9404521,0,1,1,24.03858,
2022-07-22,s002,22,1,2,0,0,7,2.588927,0,0,0.9434149,1,1,1,22.1644,
2022-07-22,s002,22,1,2,0,0,7,3.437391,0,0,0.955075,5,1,1,25.61649,
2022-07-22,s002,22,1,2,0,0,7,4.29768,0,0,0.9554713,5,1,1,25.7588,
2022-07-22,s002,22,1,2,0,0,7,5.148563,0,0,0.9511018,3,1,1,24.2222,
2022-07-22,s002,22,1,2,0,0,7,6.009488,0,0,0.9516526,3,1,1,24.84321,
2022-07-22,s002,22,1,2,0,0,7,7.690784,0,0,0.9460703,0,1,1,32.18729,
2022-07-22,s002,23,1,3,0,0,8,2.037057,0,0,0.9481905,1,1,1,40.39859,
2022-07-22,s002,23,1,3,0,0,8,2.87021,0,0,0.947368,0,1,1,38.77897,
2022-07-22,s002,23,1,3,0,0,8,3.715423,0,0,0.9586821,6,1,1,35.4621,
2022-07-22,s002,23,1,3,0,0,8,4.568837,0,0,0.9537056,3,1,1,37.08195,
2022-07-22,s002,23,1,3,0,0,8,6.257317,0,0,0.951416,2,1,1,32.96503,
2022-07-22,s002,23,1,3,0,0,8,7.126667,0,0,0.9594343,6,1,1,34.39057,
2022-07-22,s002,23,1,3,0,0,8,7.97849,0,0,0.9596229,6,1,1,47.8531,
2022-07-22,s002,24,1,4,0,0,8,1.992566,0,0,0.9523931,2,1,1,17.45699,
2022-07-22,s002,24,1,4,0,0,8,2.833522,0,0,0.957491,4,1,1,26.35812,
2022-07-22,s002,24,1,4,0,0,8,3.705159,0,0,0.9529575,2,1,1,29.23293,
2022-07-22,s002,24,1,4,0,0,8,4.546373,0,0,0.9600666,6,1,1,36.21072,
2022-07-22,s002,24,1,4,0,0,8,5.399305,0,0,0.9512826,0,1,1,32.62045,
2022-07-22,s002,24,1,4,0,0,8,6.246082,0,0,0.9580096,4,1,1,31.98538,
2022-07-22,s002,24,1,4,0,0,8,7.944784,0,0,0.9539965,2,1,1,38.20903,
2022-07-22,s002,25,1,5,0,0,8,1.914822,0,0,0.9521315,0,1,1,47.27282,
2022-07-22,s002,25,1,5,0,0,8,2.776695,0,0,0.9604083,6,1,1,53.859,
2022-07-22,s002,25,1,5,0,0,8,3.616669,0,0,0.9524419,0,1,1,50.20739,
2022-07-22,s002,25,1,5,0,0,8,4.458493,0,0,0.9546025,2,1,1,48.39267,
2022-07-22,s002,25,1,5,0,0,8,5.322849,0,0,0.9527264,0,1,1,49.82195,
2022-07-22,s002,25,1,5,0,0,8,6.157643,0,0,0.9568624,3,1,1,37.49099,
2022-07-22,s002,25,1,5,0,0,8,7.834817,0,0,0.9589667,4,1,1,48.16436,
2022-07-22,s002,26,1,6,0,0,8,2.327277,0,0,0.9531283,0,1,1,30.24792,
2022-07-22,s002,26,1,6,0,0,8,3.169901,0,0,0.9542348,1,1,1,29.6446,
2022-07-22,s002,26,1,6,0,0,8,4.019609,0,0,0.959236,4,1,1,28.61171,
2022-07-22,s002,26,1,6,0,0,8,4.868998,0,0,0.9554396,2,1,1,28.59444,
2022-07-22,s002,26,1,6,0,0,8,5.731808,0,0,0.9545819,1,1,1,38.30206,
2022-07-22,s002,26,1,6,0,0,8,6.579079,0,0,0.9604094,5,1,1,39.95015,
2022-07-22,s002,26,1,6,0,0,8,7.441741,0,0,0.9538566,0,1,1,41.17381,
2022-07-22,s002,27,1,6,0,0,8,8.289207,0,0,0.9558369,2,1,1,42.5742,
2022-07-22,s002,27,1,7,0,0,8,2.236723,0,0,0.9614816,6,1,1,35.97046,
2022-07-22,s002,27,1,7,0,0,8,3.102295,0,0,0.9615118,6,1,1,34.93047,
2022-07-22,s002,27,1,7,0,0,8,4.798741,0,0,0.9561146,2,1,1,42.66846,
2022-07-22,s002,27,1,7,0,0,8,5.645714,0,0,0.9597713,4,1,1,39.4485,
2022-07-22,s002,27,1,7,0,0,8,6.486641,0,0,0.9562891,2,1,1,37.93892,
2022-07-22,s002,27,1,7,0,0,8,7.323526,0,0,0.958109,3,1,1,42.25276,
2022-07-22,s002,28,1,7,0,0,8,8.185616,0,0,0.9615887,6,1,1,47.53387,
2022-07-22,s002,28,1,8,0,0,8,1.747621,0,0,0.9565404,2,1,1,18.43989,
2022-07-22,s002,28,1,8,0,0,8,2.608322,0,0,0.9582762,3,1,1,17.98419,
2022-07-22,s002,28,1,8,0,0,8,3.448386,0,0,0.9567009,2,1,1,19.63462,
2022-07-22,s002,28,1,8,0,0,8,4.311546,0,0,0.9551804,0,1,1,25.92099,
2022-07-22,s002,28,1,8,0,0,8,5.157641,0,0,0.9552872,0,1,1,20.36164,
2022-07-22,s002,28,1,8,0,0,8,5.990937,0,0,0.9561627,1,1,1,20.33857,
2022-07-22,s002,28,1,8,0,0,8,6.846247,0,0,0.961521,6,1,1,28.70648,
2022-07-22,s002,28,1,8,0,0,8,7.690319,0,0,0.9607605,5,1,1,29.15135,
2022-07-22,s002,29,1,9,0,0,8,2.037266,0,0,0.9557247,0,1,1,35.37327,
2022-07-22,s002,29,1,9,0,0,8,2.883166,0,0,0.9607356,5,1,1,21.52453,
2022-07-22,s002,29,1,9,0,0,8,3.737909,0,0,0.9566284,1,1,1,19.71423,
2022-07-22,s002,29,1,9,0,0,8,4.582795,0,0,0.957362,2,1,1,30.99194,
2022-07-22,s002,29,1,9,0,0,8,6.260238,0,0,0.9560415,0,1,1,36.28043,
2022-07-22,s002,29,1,9,0,0,8,7.094183,0,0,0.957423,2,1,1,37.95737,
2022-07-22,s002,30,1,10,0,0,8,1.848717,0,0,0.9601701,4,1,1,24.05864,
2022-07-22,s002,30,1,10,0,0,8,2.70546,0,0,0.9615693,6,1,1,23.10656,
2022-07-22,s002,30,1,10,0,0,8,3.551662,0,0,0.9609249,5,1,1,25.85926,
2022-07-22,s002,30,1,10,0,0,8,4.390851,0,0,0.9589057,3,1,1,24.47244,
2022-07-22,s002,30,1,10,0,0,8,5.235437,0,0,0.961682,6,1,1,30.90488,
2022-07-22,s002,30,1,10,0,0,8,6.06917,0,0,0.9568989,1,1,1,25.32883,
2022-07-22,s002,30,1,10,0,0,8,6.920427,0,0,0.9562312,0,1,1,28.88302,
2022-07-22,s002,30,1,10,0,0,8,7.767389,0,0,0.9610906,5,1,1,29.01706,
2022-07-22,s002,31,1,11,0,0,8,2.148642,0,0,0.956964,1,1,1,43.88248,
2022-07-22,s002,31,1,11,0,0,8,2.997813,0,0,0.961844,6,1,1,40.62716,
2022-07-22,s002,31,1,11,0,0,8,3.847044,0,0,0.9590913,3,1,1,36.73194,
2022-07-22,s002,31,1,11,0,0,8,4.710404,0,0,0.9605091,4,1,1,36.14452,
2022-07-22,s002,31,1,11,0,0,8,5.546814,0,0,0.9570428,1,1,1,37.07705,
2022-07-22,s002,31,1,11,0,0,8,6.411919,0,0,0.9605587,4,1,1,37.47243,
2022-07-22,s002,31,1,11,0,0,8,7.257285,0,0,0.9591811,3,1,1,35.92823,
2022-07-22,s002,31,1,11,0,0,8,8.090581,0,0,0.9613084,5,1,1,33.09397,
2022-07-22,s002,32,1,12,0,0,8,2.20126,0,0,0.9571126,1,1,1,22.72086,
2022-07-22,s002,32,1,12,0,0,8,3.047475,0,0,0.9571283,1,1,1,22.45962,
2022-07-22,s002,32,1,12,0,0,8,3.898074,0,0,0.9571437,1,1,1,23.45672,
2022-07-22,s002,32,1,12,0,0,8,4.746332,0,0,0.9613976,5,1,1,31.62876,
2022-07-22,s002,32,1,12,0,0,8,5.606993,0,0,0.961419,5,1,1,33.66199,
2022-07-22,s002,32,1,12,0,0,8,6.456008,0,0,0.9621484,6,1,1,32.93617,
2022-07-22,s002,32,1,12,0,0,8,7.320764,0,0,0.9607509,4,1,1,33.51923,
2022-07-22,s002,33,1,12,0,0,8,8.167494,0,0,0.9579268,2,1,1,39.52698,
2022-07-22,s002,33,1,13,0,0,8,2.103623,0,0,0.9565175,0,1,1,34.32824,
2022-07-22,s002,33,1,13,0,0,8,2.946851,0,0,0.9572416,1,1,1,33.12091,
2022-07-22,s002,33,1,13,0,0,8,3.791355,0,0,0.9622471,6,1,1,27.77105,
2022-07-22,s002,33,1,13,0,0,8,4.631016,0,0,0.9579806,2,1,1,34.95712,
2022-07-22,s002,33,1,13,0,0,8,5.479158,0,0,0.9615684,5,1,1,32.17095,
2022-07-22,s002,33,1,13,0,0,8,6.344007,0,0,0.9623007,6,1,1,33.03775,
2022-07-22,s002,33,1,13,0,0,8,7.188221,0,0,0.9608848,4,1,1,37.66653,
2022-07-22,s002,34,1,14,0,0,8,1.925705,0,0,0.9608997,4,1,1,26.96534,
2022-07-22,s002,34,1,14,0,0,8,2.765064,0,0,0.9616324,5,1,1,26.69878,
2022-07-22,s002,34,1,14,0,0,8,3.602597,0,0,0.957333,1,1,1,25.04784,
2022-07-22,s002,34,1,14,0,0,8,4.435908,0,0,0.9623811,6,1,1,19.85048,
2022-07-22,s002,34,1,14,0,0,8,5.280007,0,0,0.9609554,4,1,1,33.94638,
2022-07-22,s002,34,1,14,0,0,8,6.123465,0,0,0.9609683,4,1,1,30.39372,
2022-07-22,s002,34,1,14,0,0,8,6.975333,0,0,0.960981,4,1,1,24.77946,
2022-07-22,s002,35,1,15,0,0,7,2.34832,0,0,0.9581033,2,1,1,27.19827,
2022-07-22,s002,35,1,15,0,0,7,3.181402,0,0,0.9566665,0,1,1,32.63757,
2022-07-22,s002,35,1,15,0,0,7,4.027846,0,0,0.9573979,1,1,1,42.82243,
2022-07-22,s002,35,1,15,0,0,7,4.879988,0,0,0.9581304,2,1,1,38.77661,
2022-07-22,s002,35,1,15,0,0,7,5.735392,0,0,0.959589,3,1,1,35.39612,
2022-07-22,s002,35,1,15,0,0,7,6.568278,0,0,0.9566966,0,1,1,41.13716,
2022-07-22,s002,36,1,16,0,0,8,2.276269,0,0,0.9596078,3,1,1,21.5105,
2022-07-22,s002,36,1,16,0,0,8,3.119458,0,0,0.9617969,5,1,1,22.82585,
2022-07-22,s002,36,1,16,0,0,8,4.807969,0,0,0.9567174,0,1,1,24.40237,
2022-07-22,s002,36,1,16,0,0,8,5.65192,0,0,0.9596345,3,1,1,26.50337,
2022-07-22,s002,36,1,16,0,0,8,7.340409,0,0,0.959643,3,1,1,28.43652,
2022-07-22,s002,37,1,16,0,0,8,8.197499,0,0,0.958194,2,1,1,20.00615,
2022-07-22,s002,37,1,17,0,0,8,2.149284,0,0,0.957472,1,1,1,40.30718,
2022-07-22,s002,37,1,17,0,0,8,2.9931,0,0,0.9625856,6,1,1,35.34715,
2022-07-22,s002,37,1,17,0,0,8,3.851038,0,0,0.9582149,2,1,1,44.9304,
2022-07-22,s002,37,1,17,0,0,8,4.703633,0,0,0.9618743,5,1,1,43.71163,
2022-07-22,s002,37,1,17,0,0,8,5.551899,0,0,0.9626139,6,1,1,36.06109,
2022-07-22,s002,37,1,17,0,0,8,6.392216,0,0,0.9567715,0,1,1,32.52642,
2022-07-22,s002,37,1,17,0,0,8,7.246258,0,0,0.9575084,1,1,1,39.8738,
2022-07-22,s002,37,1,17,0,0,8,8.090922,0,0,0.9567816,0,1,1,30.93807,
2022-07-22,s002,38,1,18,0,0,8,1.928594,0,0,0.9611825,4,1,1,28.1462,
2022-07-22,s002,38,1,18,0,0,8,2.759429,0,0,0.9575244,1,1,1,24.61118,
2022-07-22,s002,38,1,18,0,0,8,3.623692,0,0,0.9575294,1,1,1,26.16445,
2022-07-22,s002,38,1,18,0,0,8,4.480157,0,0,0.9575344,1,1,1,28.41985,
2022-07-22,s002,38,1,18,0,0,8,5.333501,0,0,0.9626781,6,1,1,27.17564,
2022-07-22,s002,38,1,18,0,0,8,6.180709,0,0,0.9575441,1,1,1,23.02249,
2022-07-22,s002,38,1,18,0,0,8,7.04549,0,0,0.9626926,6,1,1,27.45757,
2022-07-22,s002,38,1,18,0,0,8,7.890128,0,0,0.9612293,4,1,1,28.93232,
2022-07-22,s002,39,1,19,0,0,8,2.726553,0,0,0.9627066,6,1,1,32.52604,
2022-07-22,s002,39,1,19,0,0,8,3.592496,0,0,0.9619776,5,1,1,35.68015,
2022-07-22,s002,39,1,19,0,0,8,4.436251,0,0,0.9597752,3,1,1,39.75349,
2022-07-22,s002,39,1,19,0,0,8,6.146876,0,0,0.9627262,6,1,1,33.48689,
2022-07-22,s002,39,1,19,0,0,8,7.002036,0,0,0.9619958,5,1,1,39.88554,
2022-07-22,s002,39,1,19,0,0,8,7.835114,0,0,0.9597903,3,1,1,49.26712,
2022-07-22,s002,40,2,0,0,0,7,1.704622,0,0,0.9620071,5,1,1,19.70066,
2022-07-22,s002,40,2,0,0,0,7,2.551395,0,0,0.9620128,5,1,1,28.4658,
2022-07-22,s002,40,2,0,0,0,7,3.402225,0,0,0.9598045,3,1,1,28.74382,
2022-07-22,s002,40,2,0,0,0,7,4.262923,0,0,0.9612854,4,1,1,26.66837,
2022-07-22,s002,40,2,0,0,0,7,5.101972,0,0,0.9598132,3,1,1,24.88416,
2022-07-22,s002,40,2,0,0,0,7,5.96512,0,0,0.9576012,1,1,1,30.17985,
2022-07-22,s002,40,2,0,0,0,7,6.812046,0,0,0.9576044,1,1,1,30.0868,
2022-07-22,s002,41,2,1,0,0,8,2.232646,0,0,0.9576076,1,1,1,46.75672,
2022-07-22,s002,41,2,1,0,0,8,3.069421,0,0,0.9627868,6,1,1,40.32284,
2022-07-22,s002,41,2,1,0,0,8,3.914111,0,0,0.9568743,0,1,1,43.94199,
2022-07-22,s002,41,2,1,0,0,8,4.769411,0,0,0.9576169,1,1,1,42.56697,
2022-07-22,s002,41,2,1,0,0,8,6.481921,0,0,0.9568796,0,1,1,37.26486,
2022-07-22,s002,42,2,1,0,0,8,8.17789,0,0,0.9568822,0,1,1,48.41074,
2022-07-22,s002,42,2,2,0,0,8,1.903569,0,0,0.9583659,2,1,1,27.5745,
2022-07-22,s002,42,2,2,0,0,8,2.7416,0,0,0.961332,4,1,1,22.03238,
2022-07-22,s002,42,2,2,0,0,8,3.581077,0,0,0.9568899,0,1,1,21.29058,
2022-07-22,s002,42,2,2,0,0,8,4.447247,0,0,0.9598569,3,1,1,22.67211,
2022-07-22,s002,42,2,2,0,0,8,5.291569,0,0,0.9568947,0,1,1,27.32104,
2022-07-22,s002,42,2,2,0,0,8,6.13055,0,0,0.9628292,6,1,1,28.21705,
2022-07-22,s002,42,2,2,0,0,8,7.846894,0,0,0.9620915,5,1,1,32.80776,
2022-07-22,s002,43,2,3,0,0,8,1.704015,0,0,0.9598693,3,1,1,34.19824,
2022-07-22,s002,43,2,3,0,0,8,2.547673,0,0,0.9576459,1,1,1,40.78006,
2022-07-22,s002,43,2,3,0,0,8,3.380779,0,0,0.956906,0,1,1,38.92881,
2022-07-22,s002,43,2,3,0,0,8,4.234148,0,0,0.956908,0,1,1,32.25693,
2022-07-22,s002,43,2,3,0,0,8,5.068287,0,0,0.9613654,4,1,1,43.13906,
2022-07-22,s002,43,2,3,0,0,8,5.931782,0,0,0.9628539,6,1,1,47.89212,
2022-07-22,s002,43,2,3,0,0,8,6.779325,0,0,0.9613714,4,1,1,45.95797,
2022-07-22,s002,43,2,3,0,0,8,7.644935,0,0,0.9628603,6,1,1,49.74835,
2022-07-22,s002,44,2,4,0,0,8,1.807688,0,0,0.957661,1,1,1,21.70494,
2022-07-22,s002,44,2,4,0,0,8,3.495378,0,0,0.9584063,2,1,1,23.9263,
2022-07-22,s002,44,2,4,0,0,8,4.330201,0,0,0.9613824,4,1,1,17.19925,
2022-07-22,s002,44,2,4,0,0,8,5.183497,0,0,0.9628723,6,1,1,16.26556,
2022-07-22,s002,44,2,4,0,0,8,6.027354,0,0,0.9576686,1,1,1,28.92274,
2022-07-22,s002,44,2,4,0,0,8,7.72647,0,0,0.9569265,0,1,1,26.4369,
2022-07-22,s002,45,2,5,0,0,7,1.941213,0,0,0.9613924,4,1,1,29.74161,
2022-07-22,s002,45,2,5,0,0,7,2.786886,0,0,0.9576738,1,1,1,38.1367,
2022-07-22,s002,45,2,5,0,0,7,3.652133,0,0,0.9628856,6,1,1,38.14425,
2022-07-22,s002,45,2,5,0,0,7,4.496167,0,0,0.9569327,0,1,1,42.52894,
2022-07-22,s002,45,2,5,0,0,7,5.352349,0,0,0.9599124,3,1,1,48.1056,
2022-07-22,s002,45,2,5,0,0,7,6.206908,0,0,0.9621484,5,1,1,47.61534,
2022-07-22,s002,46,2,6,0,0,8,2.059025,0,0,0.9614058,4,1,1,19.02905,
2022-07-22,s002,46,2,6,0,0,8,2.910312,0,0,0.9599181,3,1,1,25.67561,
2022-07-22,s002,46,2,6,0,0,8,3.757577,0,0,0.96141,4,1,1,30.57572,
2022-07-22,s002,46,2,6,0,0,8,4.622663,0,0,0.9614118,4,1,1,31.22633,
2022-07-22,s002,46,2,6,0,0,8,5.468274,0,0,0.9569424,0,1,1,26.35898,
2022-07-22,s002,46,2,6,0,0,8,6.30148,0,0,0.957689,1,1,1,20.07616,
2022-07-22,s002,46,2,6,0,0,8,7.156267,0,0,0.9629084,6,1,1,25.66835,
2022-07-22,s002,46,2,6,0,0,8,7.999486,0,0,0.9599283,3,1,1,31.31418,
2022-07-22,s002,47,2,7,0,0,8,2.777424,0,0,0.9599298,3,1,1,37.42107,
2022-07-22,s002,47,2,7,0,0,8,3.62877,0,0,0.9584399,2,1,1,32.37148,
2022-07-22,s002,47,2,7,0,0,8,4.483981,0,0,0.9599329,3,1,1,31.73207,
2022-07-22,s002,47,2,7,0,0,8,5.327326,0,0,0.9576966,1,1,1,35.1895,
2022-07-22,s002,47,2,7,0,0,8,6.167962,0,0,0.9614278,4,1,1,41.57247,
2022-07-22,s002,47,2,7,0,0,8,7.016643,0,0,0.9614294,4,1,1,42.37324,
2022-07-22,s002,47,2,7,0,0,8,7.876092,0,0,0.9569538,0,1,1,45.91016,
2022-07-22,s002,48,2,8,0,0,8,2.063689,0,0,0.9584473,2,1,1,18.56113,
2022-07-22,s002,48,2,8,0,0,8,2.912449,0,0,0.9577022,1,1,1,18.8635,
2022-07-22,s002,48,2,8,0,0,8,3.77454,0,0,0.9569567,0,1,1,21.1062,
2022-07-22,s002,48,2,8,0,0,8,4.621511,0,0,0.9629295,6,1,1,16.88293,
2022-07-22,s002,48,2,8,0,0,8,5.483098,0,0,0.9569587,0,1,1,21.76394,
2022-07-22,s002,48,2,8,0,0,8,6.331366,0,0,0.9577061,1,1,1,19.20988,
2022-07-22,s002,48,2,8,0,0,8,7.175576,0,0,0.962934,6,1,1,13.10924,
2022-07-22,s002,48,2,8,0,0,8,8.019325,0,0,0.9584548,2,1,1,20.96072,
2022-07-22,s002,49,2,9,0,0,7,1.837428,0,0,0.9569621,0,1,1,36.94588,
2022-07-22,s002,49,2,9,0,0,7,2.688626,0,0,0.9569629,0,1,1,34.08103,
2022-07-22,s002,49,2,9,0,0,7,3.525945,0,0,0.9629396,6,1,1,43.06765,
2022-07-22,s002,49,2,9,0,0,7,4.39266,0,0,0.9577116,1,1,1,42.47955,
2022-07-22,s002,49,2,9,0,0,7,5.246113,0,0,0.9629423,6,1,1,40.078,
2022-07-22,s002,49,2,9,0,0,7,6.222172,0,0,0.9629434,6,1,1,36.32579,
2022-07-22,s002,49,2,9,0,0,7,7.06927,0,0,0.9577141,1,1,1,34.2047,
2022-07-22,s002,50,2,10,0,0,7,1.80058,0,0,0.9629459,6,1,1,23.94977,
2022-07-22,s002,50,2,10,0,0,7,2.647662,0,0,0.958463,2,1,1,20.96923,
2022-07-22,s002,50,2,10,0,0,7,3.510104,0,0,0.9629483,6,1,1,20.93125,
2022-07-22,s002,50,2,10,0,0,7,4.350943,0,0,0.9614545,4,1,1,28.33053,
2022-07-22,s002,50,2,10,0,0,7,5.191127,0,0,0.9599605,3,1,1,22.10748,
2022-07-22,s002,50,2,10,0,0,7,6.045746,0,0,0.9577185,1,1,1,23.06077,
2022-07-22,s002,51,2,11,0,0,8,1.799224,0,0,0.9584668,2,1,1,31.3831,
2022-07-22,s002,51,2,11,0,0,8,2.637222,0,0,0.9584676,2,1,1,34.66649,
2022-07-22,s002,51,2,11,0,0,8,3.480794,0,0,0.9614592,4,1,1,39.11983,
2022-07-22,s002,51,2,11,0,0,8,5.179336,0,0,0.9569734,0,1,1,33.24337,
2022-07-22,s002,51,2,11,0,0,8,6.033185,0,0,0.9629568,6,1,1,40.60865,
2022-07-22,s002,51,2,11,0,0,8,6.878914,0,0,0.9622097,5,1,1,37.3489,
2022-07-22,s002,51,2,11,0,0,8,7.711493,0,0,0.957723,1,1,1,36.33175,
2022-07-22,s002,52,2,12,0,0,8,1.802398,0,0,0.9569756,0,1,1,10.43724,
2022-07-22,s002,52,2,12,0,0,8,2.647676,0,0,0.9577242,1,1,0,3.968916,
2022-07-22,s002,52,2,12,0,0,8,3.513253,0,0,0.9622132,5,1,1,9.405502,
2022-07-22,s002,52,2,12,0,0,8,4.356871,0,0,0.9622139,5,1,1,18.55083,
2022-07-22,s002,52,2,12,0,0,8,5.191901,0,0,0.9577259,1,1,1,17.78202,
2022-07-22,s002,52,2,12,0,0,8,6.045854,0,0,0.9629636,6,1,1,19.06299,
2022-07-22,s002,52,2,12,0,0,8,6.901875,0,0,0.9569787,0,1,1,26.08216,
2022-07-22,s002,52,2,12,0,0,8,7.756873,0,0,0.9584756,2,1,1,18.42893,
2022-07-22,s002,53,2,13,0,0,7,1.514095,0,0,0.9614693,4,1,1,37.70364,
2022-07-22,s002,53,2,13,0,0,7,2.357951,0,0,0.95698,0,1,1,31.74538,
2022-07-22,s002,53,2,13,0,0,7,3.191988,0,0,0.9614707,4,1,1,31.24365,
2022-07-22,s002,53,2,13,0,0,7,4.035678,0,0,0.9577292,1,1,1,36.46845,
2022-07-22,s002,53,2,13,0,0,7,4.879618,0,0,0.9584781,2,1,1,33.6865,
2022-07-22,s002,53,2,13,0,0,7,5.735674,0,0,0.9614725,4,1,1,42.3564,
2022-07-22,s002,54,2,14,0,0,8,1.981048,0,0,0.9577306,1,1,1,22.66903,
2022-07-22,s002,54,2,14,0,0,8,2.82558,0,0,0.9622222,5,1,1,28.11524,
2022-07-22,s002,54,2,14,0,0,8,3.690862,0,0,0.9569829,0,1,1,22.83086,
2022-07-22,s002,54,2,14,0,0,8,4.536581,0,0,0.9569832,0,1,1,15.41735,
2022-07-22,s002,54,2,14,0,0,8,5.40548,0,0,0.9577322,1,1,1,16.15172,
2022-07-22,s002,54,2,14,0,0,8,6.257563,0,0,0.9629731,6,1,1,28.15384,
2022-07-22,s002,54,2,14,0,0,8,7.117582,0,0,0.9614763,4,1,1,27.39215,
2022-07-22,s002,54,2,14,0,0,8,7.967939,0,0,0.9629743,6,1,1,19.63107,
2022-07-22,s002,55,2,15,0,0,8,2.137527,0,0,0.9584824,2,1,1,21.15796,
2022-07-22,s002,55,2,15,0,0,8,2.983557,0,0,0.9599804,3,1,1,30.10957,
2022-07-22,s002,55,2,15,0,0,8,3.826732,0,0,0.9622272,5,1,1,30.28889,
2022-07-22,s002,55,2,15,0,0,8,4.682113,0,0,0.9577348,1,1,1,32.28314,
2022-07-22,s002,55,2,15,0,0,8,6.391855,0,0,0.9584839,2,1,1,31.24039,
2022-07-22,s002,55,2,15,0,0,8,7.236213,0,0,0.9614798,4,1,1,35.56042,
2022-07-22,s002,55,2,15,0,0,8,8.090882,0,0,0.9614802,4,1,1,35.18248,
2022-07-22,s002,56,2,16,0,0,7,1.799404,0,0,0.9622295,5,1,1,29.57172,
2022-07-22,s002,56,2,16,0,0,7,2.657109,0,0,0.96223,5,1,1,20.49423,
2022-07-22,s002,56,2,16,0,0,7,3.511529,0,0,0.9569877,0,1,1,17.63879,
2022-07-22,s002,56,2,16,0,0,7,5.197073,0,0,0.9577369,1,1,1,25.64328,
2022-07-22,s002,56,2,16,0,0,7,6.060363,0,0,0.9629803,6,1,1,32.94444,
2022-07-22,s002,56,2,16,0,0,7,6.896254,0,0,0.9629806,6,1,1,28.23222,
2022-07-22,s002,57,2,17,0,0,8,2.066439,0,0,0.9577377,1,1,1,34.94654,
2022-07-22,s002,57,2,17,0,0,8,2.913299,0,0,0.9569889,0,1,1,29.79948,
2022-07-22,s002,57,2,17,0,0,8,3.77754,0,0,0.9584874,2,1,1,27.02802,
2022-07-22,s002,57,2,17,0,0,8,4.624136,0,0,0.9622332,5,1,1,38.65185,
2022-07-22,s002,57,2,17,0,0,8,5.484877,0,0,0.9629828,6,1,1,49.08519,
2022-07-22,s002,57,2,17,0,0,8,7.188157,0,0,0.9622339,5,1,1,41.91217,
2022-07-22,s002,57,2,17,0,0,8,8.033649,0,0,0.9629835,6,1,1,43.80037,
2022-07-22,s002,58,2,18,0,0,8,1.70723,0,0,0.9569904,0,1,1,18.45922,
2022-07-22,s002,58,2,18,0,0,8,2.563823,0,0,0.9577397,1,1,1,27.05115,
2022-07-22,s002,58,2,18,0,0,8,3.401422,0,0,0.9584892,2,1,1,28.616,
2022-07-22,s002,58,2,18,0,0,8,4.264524,0,0,0.9622356,5,1,1,29.17715,
2022-07-22,s002,58,2,18,0,0,8,5.112044,0,0,0.9629852,6,1,1,20.59758,
2022-07-22,s002,58,2,18,0,0,8,5.945543,0,0,0.9584899,2,1,1,25.64303,
2022-07-22,s002,58,2,18,0,0,8,6.8012,0,0,0.9569916,0,1,1,29.81511,
2022-07-22,s002,58,2,18,0,0,8,7.644127,0,0,0.957741,1,1,1,33.98114,
2022-07-22,s002,59,2,19,0,0,8,1.859464,0,0,0.9599892,3,1,1,41.93305,
2022-07-22,s002,59,2,19,0,0,8,2.697391,0,0,0.9599894,3,1,1,41.96604,
2022-07-22,s002,59,2,19,0,0,8,3.536183,0,0,0.958491,2,1,1,34.83407,
2022-07-22,s002,59,2,19,0,0,8,4.399883,0,0,0.9584911,2,1,1,34.50128,
2022-07-22,s002,59,2,19,0,0,8,5.246136,0,0,0.9622382,5,1,1,45.21654,
2022-07-22,s002,59,2,19,0,0,8,6.109453,0,0,0.9577421,1,1,1,46.58074,
2022-07-22,s002,59,2,19,0,0,8,6.956009,0,0,0.9622387,5,1,1,38.66163,
2022-07-22,s002,59,2,19,0,0,8,7.790265,0,0,0.9629884,6,1,1,35.28062,
2022-07-22,s002,60,3,0,0,0,8,2.002768,0,0,0.9577426,1,1,1,15.11643,
2022-07-22,s002,60,3,0,0,0,8,2.859589,0,0,0.9584922,2,1,1,11.98265,
2022-07-22,s002,60,3,0,0,0,8,3.703389,0,0,0.9599913,3,1,1,7.725096,
2022-07-22,s002,60,3,0,0,0,8,4.568028,0,0,0.9584925,2,1,1,17.93923,
2022-07-22,s002,60,3,0,0,0,8,5.416266,0,0,0.9614906,4,1,1,26.34921,
2022-07-22,s002,60,3,0,0,0,8,6.257878,0,0,0.9584929,2,1,1,27.50649,
2022-07-22,s002,60,3,0,0,0,8,7.111619,0,0,0.9577435,1,1,1,24.79559,
2022-07-22,s002,60,3,0,0,0,8,7.956197,0,0,0.9614912,4,1,1,30.9616,
2022-07-22,s002,61,3,1,0,0,7,1.894143,0,0,0.9584934,2,1,1,30.18708,
2022-07-22,s002,61,3,1,0,0,7,2.750877,0,0,0.9629906,6,1,1,29.86229,
2022-07-22,s002,61,3,1,0,0,7,3.604354,0,0,0.9569945,0,1,1,35.34061,
2022-07-22,s002,61,3,1,0,0,7,4.454109,0,0,0.9629911,6,1,1,33.55212,
2022-07-22,s002,61,3,1,0,0,7,5.302413,0,0,0.9629912,6,1,1,33.36729,
2022-07-22,s002,61,3,1,0,0,7,6.136939,0,0,0.9599931,3,1,1,33.90409,
2022-07-22,s002,61,3,1,0,0,7,6.999855,0,0,0.9622421,5,1,1,29.38609,
2022-07-22,s002,62,3,2,0,0,8,1.846862,0,0,0.9614927,4,1,1,23.05573,
2022-07-22,s002,62,3,2,0,0,8,2.680995,0,0,0.9599936,3,1,1,21.99075,
2022-07-22,s002,62,3,2,0,0,8,3.536103,0,0,0.9584945,2,1,1,19.24174,
2022-07-22,s002,62,3,2,0,0,8,4.379893,0,0,0.9622427,5,1,1,21.22644,
2022-07-22,s002,62,3,2,0,0,8,5.220725,0,0,0.9622429,5,1,1,23.61905,
2022-07-22,s002,62,3,2,0,0,8,6.058427,0,0,0.9629927,6,1,1,29.1361,
2022-07-22,s002,62,3,2,0,0,8,7.766921,0,0,0.9577454,1,1,1,26.22801,
2022-07-22,s002,63,3,3,0,0,8,2.035721,0,0,0.9622434,5,1,1,34.42461,
2022-07-22,s002,63,3,3,0,0,8,2.89015,0,0,0.9622436,5,1,1,40.4091,
2022-07-22,s002,63,3,3,0,0,8,3.724947,0,0,0.9577456,1,1,1,30.77102,
2022-07-22,s002,63,3,3,0,0,8,4.564723,0,0,0.9622438,5,1,1,48.22732,
2022-07-22,s002,63,3,3,0,0,8,5.400567,0,0,0.9614943,4,1,1,45.39496,
2022-07-22,s002,63,3,3,0,0,8,6.233814,0,0,0.957746,1,1,1,34.83042,
2022-07-22,s002,63,3,3,0,0,8,7.088931,0,0,0.9569963,0,1,1,40.37495,
2022-07-22,s002,63,3,3,0,0,8,7.93365,0,0,0.9569964,0,1,1,36.93592,
2022-07-22,s002,64,3,4,0,0,8,2.681512,0,0,0.9622443,5,1,1,24.69922,
2022-07-22,s002,64,3,4,0,0,8,3.521278,0,0,0.958496,2,1,1,22.6748,
2022-07-22,s002,64,3,4,0,0,8,4.364505,0,0,0.9622446,5,1,1,30.51543,
2022-07-22,s002,64,3,4,0,0,8,5.215705,0,0,0.9569967,0,1,1,29.25917,
2022-07-22,s002,64,3,4,0,0,8,6.05267,0,0,0.9577465,1,1,1,24.48702,
2022-07-22,s002,64,3,4,0,0,8,6.926097,0,0,0.9599958,3,1,1,29.53045,
2022-07-22,s002,64,3,4,0,0,8,7.773694,0,0,0.9577466,1,1,1,32.37497,
2022-07-22,s002,65,3,5,0,0,7,1.715498,0,0,0.959996,3,1,1,40.55883,
2022-07-22,s002,65,3,5,0,0,7,2.548949,0,0,0.9629951,6,1,1,31.26326,
2022-07-22,s002,65,3,5,0,0,7,4.269802,0,0,0.9622454,5,1,1,45.36474,
2022-07-22,s002,65,3,5,0,0,7,5.134931,0,0,0.9569972,0,1,1,43.88685,
2022-07-22,s002,65,3,5,0,0,7,5.980291,0,0,0.9629953,6,1,1,46.21375,
2022-07-22,s002,65,3,5,0,0,7,6.82447,0,0,0.9622458,5,1,1,43.66147,
2022-07-22,s002,66,3,6,0,0,8,1.958875,0,0,0.9622458,5,1,1,23.70338,
2022-07-22,s002,66,3,6,0,0,8,2.800313,0,0,0.9629958,6,1,1,17.33109,
2022-07-22,s002,66,3,6,0,0,8,3.636564,0,0,0.9622459,5,1,1,21.73123,
2022-07-22,s002,66,3,6,0,0,8,4.469696,0,0,0.9622461,5,1,1,23.05024,
2022-07-22,s002,66,3,6,0,0,8,5.330888,0,0,0.9599968,3,1,1,17.0837,
2022-07-22,s002,66,3,6,0,0,8,6.187295,0,0,0.9584972,2,1,1,19.70746,
2022-07-22,s002,66,3,6,0,0,8,7.037098,0,0,0.9614966,4,1,1,34.03756,
2022-07-22,s002,66,3,6,0,0,8,7.890055,0,0,0.9614966,4,1,1,41.66364,
2022-07-22,s002,67,3,7,0,0,7,1.605368,0,0,0.9584974,2,1,1,32.05101,
2022-07-22,s002,67,3,7,0,0,7,2.459943,0,0,0.9599971,3,1,1,27.18429,
2022-07-22,s002,67,3,7,0,0,7,4.203369,0,0,0.9599972,3,1,1,32.12563,
2022-07-22,s002,67,3,7,0,0,7,5.067775,0,0,0.9584976,2,1,1,32.94773,
2022-07-22,s002,67,3,7,0,0,7,6.75812,0,0,0.9577478,1,1,1,45.96245,
2022-07-22,s002,68,3,8,0,0,8,1.663557,0,0,0.9614971,4,1,1,22.59423,
2022-07-22,s002,68,3,8,0,0,8,3.369678,0,0,0.9622469,5,1,1,17.51051,
2022-07-22,s002,68,3,8,0,0,8,4.22523,0,0,0.962247,5,1,1,22.6862,
2022-07-22,s002,68,3,8,0,0,8,5.05779,0,0,0.9569982,0,1,1,23.67148,
2022-07-22,s002,68,3,8,0,0,8,5.913343,0,0,0.9614973,4,1,1,17.81486,
2022-07-22,s002,68,3,8,0,0,8,6.768002,0,0,0.9614973,4,1,1,29.88994,
2022-07-22,s002,68,3,8,0,0,8,7.631391,0,0,0.958498,2,1,1,35.53894,
2022-07-22,s002,69,3,9,0,0,8,2.005528,0,0,0.9629971,6,1,1,40.72242,
2022-07-22,s002,69,3,9,0,0,8,2.847852,0,0,0.9622474,5,1,1,34.80671,
2022-07-22,s002,69,3,9,0,0,8,5.419746,0,0,0.9577482,1,1,1,39.35207,
2022-07-22,s002,69,3,9,0,0,8,6.257805,0,0,0.9622475,5,1,1,40.92374,
2022-07-22,s002,69,3,9,0,0,8,7.122049,0,0,0.9614976,4,1,1,31.63207,
2022-07-22,s002,69,3,9,0,0,8,7.967978,0,0,0.9577484,1,1,1,40.61865,
2022-07-22,s002,70,3,10,0,0,8,2.280652,0,0,0.959998,3,1,1,15.39642,
2022-07-22,s002,70,3,10,0,0,8,3.135569,0,0,0.9614978,4,1,1,21.34206,
2022-07-22,s002,70,3,10,0,0,8,3.990862,0,0,0.9584984,2,1,1,19.58865,
2022-07-22,s002,70,3,10,0,0,8,4.857381,0,0,0.9622478,5,1,1,24.25831,
2022-07-22,s002,70,3,10,0,0,8,5.690922,0,0,0.9622478,5,1,1,22.98911,
2022-07-22,s002,70,3,10,0,0,8,6.535364,0,0,0.9577486,1,1,1,18.84952,
2022-07-22,s002,70,3,10,0,0,8,7.378056,0,0,0.9584985,2,1,1,25.96795,
2022-07-22,s002,71,3,10,0,0,8,8.242903,0,0,0.9599983,3,1,1,23.57459,
2022-07-22,s002,71,3,11,0,0,8,1.871864,0,0,0.9614981,4,1,1,36.92234,
2022-07-22,s002,71,3,11,0,0,8,2.714792,0,0,0.9629979,6,1,1,29.79679,
2022-07-22,s002,71,3,11,0,0,8,3.570768,0,0,0.9569988,0,1,1,38.03596,
2022-07-22,s002,71,3,11,0,0,8,4.413886,0,0,0.9614983,4,1,1,43.14637,
2022-07-22,s002,71,3,11,0,0,8,5.269666,0,0,0.9569989,0,1,1,36.37366,
2022-07-22,s002,71,3,11,0,0,8,6.113552,0,0,0.9614983,4,1,1,37.49168,
2022-07-22,s002,71,3,11,0,0,8,6.952421,0,0,0.9614984,4,1,1,46.96105,
2022-07-22,s002,71,3,11,0,0,8,7.801435,0,0,0.9577488,1,1,1,42.13144,
2022-07-22,s002,72,3,12,0,0,8,2.036103,0,0,0.9569989,0,1,1,22.00036,
2022-07-22,s002,72,3,12,0,0,8,2.892167,0,0,0.9622483,5,1,1,22.46308,
2022-07-22,s002,72,3,12,0,0,8,3.735418,0,0,0.9629983,6,1,1,18.34796,
2022-07-22,s002,72,3,12,0,0,8,4.584438,0,0,0.9569991,0,1,1,23.65836,
2022-07-22,s002,72,3,12,0,0,8,5.424128,0,0,0.9569991,0,1,1,23.49533,
2022-07-22,s002,72,3,12,0,0,8,6.295957,0,0,0.9629984,6,1,1,27.54461,
2022-07-22,s002,72,3,12,0,0,8,7.145422,0,0,0.9622486,5,1,1,30.89054,
2022-07-22,s002,72,3,12,0,0,8,8.006833,0,0,0.9622486,5,1,1,31.26715,
2022-07-22,s002,73,3,13,0,0,8,2.049739,0,0,0.9614987,4,1,1,15.786,
2022-07-22,s002,73,3,13,0,0,8,2.894037,0,0,0.958499,2,1,1,13.84041,
2022-07-22,s002,73,3,13,0,0,8,3.73836,0,0,0.958499,2,1,1,15.2618,
2022-07-22,s002,73,3,13,0,0,8,4.580226,0,0,0.9629986,6,1,1,28.4666,
2022-07-22,s002,73,3,13,0,0,8,5.42622,0,0,0.9629987,6,1,1,49.62721,
2022-07-22,s002,73,3,13,0,0,8,6.269007,0,0,0.9577492,1,1,1,43.90108,
2022-07-22,s002,73,3,13,0,0,8,7.114299,0,0,0.9629987,6,1,1,42.16707,
2022-07-22,s002,73,3,13,0,0,8,7.958435,0,0,0.9577492,1,1,1,48.04898,
2022-07-22,s002,74,3,14,0,0,8,2.612526,0,0,0.9629987,6,1,1,17.99616,
2022-07-22,s002,74,3,14,0,0,8,3.45749,0,0,0.9614989,4,1,1,10.39646,
2022-07-22,s002,74,3,14,0,0,8,4.30123,0,0,0.9622489,5,1,1,13.14472,
2022-07-22,s002,74,3,14,0,0,8,5.148824,0,0,0.9629989,6,1,1,38.38657,
2022-07-22,s002,74,3,14,0,0,8,5.989644,0,0,0.9584992,2,1,1,39.74834,
2022-07-22,s002,74,3,14,0,0,8,6.849614,0,0,0.9629989,6,1,1,28.91939,
2022-07-22,s002,74,3,14,0,0,8,7.688325,0,0,0.9577493,1,1,1,29.98045,
2022-07-22,s002,75,3,15,0,0,8,1.913741,0,0,0.9584993,2,1,1,35.10474,
2022-07-22,s002,75,3,15,0,0,8,2.752119,0,0,0.9614991,4,1,1,35.43664,
2022-07-22,s002,75,3,15,0,0,8,3.591833,0,0,0.9614991,4,1,1,31.00857,
2022-07-22,s002,75,3,15,0,0,8,4.425901,0,0,0.9614991,4,1,1,35.35366,
2022-07-22,s002,75,3,15,0,0,8,5.300832,0,0,0.9614992,4,1,1,40.09212,
2022-07-22,s002,75,3,15,0,0,8,6.164515,0,0,0.9577494,1,1,1,37.73412,
2022-07-22,s002,75,3,15,0,0,8,7.856693,0,0,0.9577494,1,1,1,44.64075,
2022-07-22,s002,76,3,16,0,0,8,2.139818,0,0,0.9614992,4,1,1,16.03833,
2022-07-22,s002,76,3,16,0,0,8,3.86096,0,0,0.9614992,4,1,1,18.50725,
2022-07-22,s002,76,3,16,0,0,8,5.549711,0,0,0.9622492,5,1,1,17.80733,
2022-07-22,s002,76,3,16,0,0,8,6.382259,0,0,0.9599993,3,1,1,20.17055,
2022-07-22,s002,76,3,16,0,0,8,7.233862,0,0,0.9584994,2,1,1,23.93862,
2022-07-22,s002,76,3,16,0,0,8,8.080739,0,0,0.9569995,0,1,1,25.50672,
2022-07-22,s002,77,3,17,0,0,8,1.804465,0,0,0.9622494,5,1,1,43.05117,
2022-07-22,s002,77,3,17,0,0,8,2.647438,0,0,0.9629992,6,1,1,35.80025,
2022-07-22,s002,77,3,17,0,0,8,3.495342,0,0,0.9569995,0,1,1,33.47759,
2022-07-22,s002,77,3,17,0,0,8,4.346125,0,0,0.9569995,0,1,1,29.76575,
2022-07-22,s002,77,3,17,0,0,8,5.199574,0,0,0.9599994,3,1,1,34.70657,
2022-07-22,s002,77,3,17,0,0,8,6.045582,0,0,0.9584996,2,1,1,41.10258,
2022-07-22,s002,77,3,17,0,0,8,6.910083,0,0,0.9577495,1,1,1,39.14922,
2022-07-22,s002,77,3,17,0,0,8,7.755738,0,0,0.9622493,5,1,1,31.61946,
2022-07-22,s002,78,3,18,0,0,8,1.848043,0,0,0.9614993,4,1,1,28.37038,
2022-07-22,s002,78,3,18,0,0,8,3.558191,0,0,0.9599994,3,1,1,20.59937,
2022-07-22,s002,78,3,18,0,0,8,4.391949,0,0,0.9569997,0,1,1,25.93773,
2022-07-22,s002,78,3,18,0,0,8,5.25796,0,0,0.9614995,4,1,1,27.14249,
2022-07-22,s002,78,3,18,0,0,8,6.957922,0,0,0.9577496,1,1,1,26.61968,
2022-07-22,s002,78,3,18,0,0,8,7.80071,0,0,0.9622495,5,1,1,22.05097,
2022-07-22,s002,79,3,19,0,0,8,1.989524,0,0,0.9622494,5,1,1,44.79168,
2022-07-22,s002,79,3,19,0,0,8,2.825535,0,0,0.9622495,5,1,1,48.34929,
2022-07-22,s002,79,3,19,0,0,8,3.669853,0,0,0.9584996,2,1,1,44.53461,
2022-07-22,s002,79,3,19,0,0,8,4.515873,0,0,0.9599996,3,1,1,38.9573,
2022-07-22,s002,79,3,19,0,0,8,6.22115,0,0,0.9622495,5,1,1,37.94946,
2022-07-22,s002,79,3,19,0,0,8,7.0674,0,0,0.9599996,3,1,1,43.30359,
2022-07-22,s002,79,3,19,0,0,8,7.940327,0,0,0.9614995,4,1,1,44.67118,
2022-07-22,s002,80,4,0,0,0,8,1.780815,0,0,0.9614995,4,1,1,22.86751,
2022-07-22,s002,80,4,0,0,0,8,2.614178,0,0,0.9629995,6,1,1,25.20919,
2022-07-22,s002,80,4,0,0,0,8,3.480604,0,0,0.9577497,1,1,1,29.62051,
2022-07-22,s002,80,4,0,0,0,8,4.319592,0,0,0.9614996,4,1,1,19.92833,
2022-07-22,s002,80,4,0,0,0,8,5.157115,0,0,0.9622495,5,1,1,23.63205,
2022-07-22,s002,80,4,0,0,0,8,6.012167,0,0,0.9577497,1,1,1,34.70119,
2022-07-22,s002,80,4,0,0,0,8,6.856446,0,0,0.9569998,0,1,1,28.83744,
2022-07-22,s002,80,4,0,0,0,8,7.7029,0,0,0.9599997,3,1,1,25.32974,
2022-07-22,s002,81,4,1,0,0,8,1.815481,0,0,0.9629996,6,1,1,31.57987,
2022-07-22,s002,81,4,1,0,0,8,2.667106,0,0,0.9622496,5,1,1,46.29613,
2022-07-22,s002,81,4,1,0,0,8,3.514067,0,0,0.9584997,2,1,1,51.86575,
2022-07-22,s002,81,4,1,0,0,8,4.3767,0,0,0.9629996,6,1,1,49.56106,
2022-07-22,s002,81,4,1,0,0,8,5.212752,0,0,0.9569998,0,1,1,52.22709,
2022-07-22,s002,81,4,1,0,0,8,6.057281,0,0,0.9584997,2,1,1,49.92155,
2022-07-22,s002,81,4,1,0,0,8,6.945199,0,0,0.9622496,5,1,1,51.37594,
2022-07-22,s002,82,4,2,0,0,7,2.658457,0,0,0.9584997,2,1,1,15.81463,
2022-07-22,s002,82,4,2,0,0,7,3.49933,0,0,0.9584998,2,1,1,27.09572,
2022-07-22,s002,82,4,2,0,0,7,4.338312,0,0,0.9569998,0,1,1,18.92237,
2022-07-22,s002,82,4,2,0,0,7,5.209145,0,0,0.9614997,4,1,0,5.121013,
2022-07-22,s002,82,4,2,0,0,7,6.056629,0,0,0.9569998,0,1,1,15.61337,
2022-07-22,s002,82,4,2,0,0,7,6.918747,0,0,0.9599998,3,1,1,24.64888,
2022-07-22,s002,83,4,3,0,0,8,2.76202,0,0,0.9584998,2,1,1,29.77454,
2022-07-22,s002,83,4,3,0,0,8,3.599063,0,0,0.9584998,2,1,1,28.99175,
2022-07-22,s002,83,4,3,0,0,8,4.443067,0,0,0.9629998,6,1,1,34.04627,
2022-07-22,s002,83,4,3,0,0,8,5.309214,0,0,0.9569998,0,1,1,37.79531,
2022-07-22,s002,83,4,3,0,0,8,6.407582,0,0,0.9584998,2,1,1,44.5448,
2022-07-22,s002,83,4,3,0,0,8,8.107458,0,0,0.9599998,3,1,1,34.81735,
2022-07-22,s002,84,4,4,0,0,8,1.911037,0,0,0.9622498,5,1,1,16.92772,
2022-07-22,s002,84,4,4,0,0,8,2.743959,0,0,0.9569999,0,1,1,18.09247,
2022-07-22,s002,84,4,4,0,0,8,3.59469,0,0,0.9622498,5,1,1,15.29573,
2022-07-22,s002,84,4,4,0,0,8,4.444382,0,0,0.9569999,0,1,1,18.99897,
2022-07-22,s002,84,4,4,0,0,8,5.311014,0,0,0.9629997,6,1,1,20.55958,
2022-07-22,s002,84,4,4,0,0,8,7.86322,0,0,0.9622498,5,1,1,20.64376,
2022-07-22,s002,85,4,5,0,0,8,1.90287,0,0,0.9614998,4,1,1,40.26337,
2022-07-22,s002,85,4,5,0,0,8,3.590173,0,0,0.9614998,4,1,1,39.64122,
2022-07-22,s002,85,4,5,0,0,8,4.451189,0,0,0.9569999,0,1,1,39.29322,
2022-07-22,s002,85,4,5,0,0,8,5.301555,0,0,0.9622498,5,1,1,46.86411,
2022-07-22,s002,85,4,5,0,0,8,6.164112,0,0,0.9614998,4,1,1,43.52364,
2022-07-22,s002,85,4,5,0,0,8,7.000358,0,0,0.9584999,2,1,1,32.65366,
2022-07-22,s002,85,4,5,0,0,8,7.865949,0,0,0.9629998,6,1,1,51.54186,
2022-07-22,s002,86,4,6,0,0,8,1.841861,0,0,0.9569999,0,1,1,16.46919,
2022-07-22,s002,86,4,6,0,0,8,2.720649,0,0,0.9599998,3,1,1,14.36621,
2022-07-22,s002,86,4,6,0,0,8,3.56946,0,0,0.9584999,2,1,1,15.20673,
2022-07-22,s002,86,4,6,0,0,8,4.412824,0,0,0.9622498,5,1,1,15.8113,
2022-07-22,s002,86,4,6,0,0,8,5.257145,0,0,0.9629998,6,1,1,18.14326,
2022-07-22,s002,86,4,6,0,0,8,6.101221,0,0,0.9584999,2,1,1,10.48447,
2022-07-22,s002,86,4,6,0,0,8,6.942474,0,0,0.9622498,5,1,1,15.91045,
2022-07-22,s002,86,4,6,0,0,8,7.811519,0,0,0.9614998,4,1,1,32.16298,
2022-07-22,s002,87,4,7,0,0,8,1.871347,0,0,0.9584999,2,1,1,33.31041,
2022-07-22,s002,87,4,7,0,0,8,2.703948,0,0,0.9569999,0,1,1,26.98834,
2022-07-22,s002,87,4,7,0,0,8,3.566851,0,0,0.9569999,0,1,1,47.89063,
2022-07-22,s002,87,4,7,0,0,8,4.414307,0,0,0.9599999,3,1,1,52.35141,
2022-07-22,s002,87,4,7,0,0,8,5.274709,0,0,0.9599999,3,1,1,49.00988,
2022-07-22,s002,87,4,7,0,0,8,6.247603,0,0,0.9622499,5,1,1,49.51799,
2022-07-22,s002,87,4,7,0,0,8,7.090948,0,0,0.9584999,2,1,1,51.78395,
2022-07-22,s002,88,4,8,0,0,7,1.788419,0,0,0.9569999,0,1,1,23.05907,
2022-07-22,s002,88,4,8,0,0,7,2.638628,0,0,0.9622498,5,1,1,25.15622,
2022-07-22,s002,88,4,8,0,0,7,3.50104,0,0,0.9629999,6,1,1,18.66866,
2022-07-22,s002,88,4,8,0,0,7,4.348782,0,0,0.9622498,5,1,1,18.0415,
2022-07-22,s002,88,4,8,0,0,7,6.054247,0,0,0.9599999,3,1,1,25.85824,
2022-07-22,s002,88,4,8,0,0,7,6.892367,0,0,0.9614999,4,1,1,25.35552,
2022-07-22,s002,89,4,9,0,0,8,1.836855,0,0,0.9584999,2,1,1,35.62044,
2022-07-22,s002,89,4,9,0,0,8,2.680793,0,0,0.957,0,1,1,33.3755,
2022-07-22,s002,89,4,9,0,0,8,3.525267,0,0,0.9599999,3,1,1,33.63461,
2022-07-22,s002,89,4,9,0,0,8,4.380372,0,0,0.95775,1,1,1,36.02803,
2022-07-22,s002,89,4,9,0,0,8,5.225416,0,0,0.9629999,6,1,1,30.28543,
2022-07-22,s002,89,4,9,0,0,8,6.080551,0,0,0.9614999,4,1,1,41.60401,
2022-07-22,s002,89,4,9,0,0,8,6.924511,0,0,0.9622499,5,1,1,36.49523,
2022-07-22,s002,89,4,9,0,0,8,7.762957,0,0,0.95775,1,1,1,46.6173,
2022-07-22,s002,90,4,10,0,0,7,1.850893,0,0,0.9629999,6,1,1,10.41104,
2022-07-22,s002,90,4,10,0,0,7,2.697512,0,0,0.95775,1,1,1,23.07823,
2022-07-22,s002,90,4,10,0,0,7,3.546773,0,0,0.9629999,6,1,1,29.41214,
2022-07-22,s002,90,4,10,0,0,7,5.25498,0,0,0.9599999,3,1,1,20.62647,
2022-07-22,s002,90,4,10,0,0,7,6.10066,0,0,0.9614999,4,1,1,25.01879,
2022-07-22,s002,90,4,10,0,0,7,6.93438,0,0,0.9584999,2,1,1,20.13524,
2022-07-22,s002,91,4,11,0,0,7,1.570535,0,0,0.95775,1,1,1,51.46441,
2022-07-22,s002,91,4,11,0,0,7,2.425205,0,0,0.9629999,6,1,1,36.68625,
2022-07-22,s002,91,4,11,0,0,7,3.258492,0,0,0.9599999,3,1,1,20.71829,
2022-07-22,s002,91,4,11,0,0,7,4.110855,0,0,0.9599999,3,1,1,33.87621,
2022-07-22,s002,91,4,11,0,0,7,4.95786,0,0,0.9584999,2,1,1,48.59369,
2022-07-22,s002,91,4,11,0,0,7,5.819867,0,0,0.9629999,6,1,1,49.76836,
2022-07-22,s002,91,4,11,0,0,7,6.667952,0,0,0.9614999,4,1,1,47.93316,
2022-07-22,s002,92,4,12,0,0,8,1.917495,0,0,0.9614999,4,1,1,22.6,
2022-07-22,s002,92,4,12,0,0,8,2.767276,0,0,0.957,0,1,1,17.88341,
2022-07-22,s002,92,4,12,0,0,8,3.633735,0,0,0.9585,2,1,1,23.80885,
2022-07-22,s002,92,4,12,0,0,8,5.343079,0,0,0.9585,2,1,1,23.70229,
2022-07-22,s002,92,4,12,0,0,8,7.889743,0,0,0.9585,2,1,1,25.44463,
2022-07-22,s002,93,4,13,0,0,8,1.721475,0,0,0.9585,2,1,1,32.61967,
2022-07-22,s002,93,4,13,0,0,8,2.554742,0,0,0.9585,2,1,1,26.63286,
2022-07-22,s002,93,4,13,0,0,8,3.41027,0,0,0.9599999,3,1,1,43.45895,
2022-07-22,s002,93,4,13,0,0,8,4.25385,0,0,0.9585,2,1,1,42.4541,
2022-07-22,s002,93,4,13,0,0,8,5.093015,0,0,0.9622499,5,1,1,44.92079,
2022-07-22,s002,93,4,13,0,0,8,5.930681,0,0,0.9629998,6,1,1,43.98616,
2022-07-22,s002,93,4,13,0,0,8,6.796891,0,0,0.9585,2,1,1,44.87871,
2022-07-22,s002,93,4,13,0,0,8,7.641468,0,0,0.9629998,6,1,1,53.50961,
2022-07-22,s002,94,4,14,0,0,8,1.816624,0,0,0.9599999,3,1,1,24.76933,
2022-07-22,s002,94,4,14,0,0,8,2.669312,0,0,0.9622499,5,1,1,21.41177,
2022-07-22,s002,94,4,14,0,0,8,3.534169,0,0,0.9629998,6,1,1,22.52765,
2022-07-22,s002,94,4,14,0,0,8,4.380536,0,0,0.9585,2,1,1,28.18116,
2022-07-22,s002,94,4,14,0,0,8,5.220117,0,0,0.9614999,4,1,1,20.5092,
2022-07-22,s002,94,4,14,0,0,8,6.068249,0,0,0.95775,1,1,1,26.49069,
2022-07-22,s002,94,4,14,0,0,8,6.923139,0,0,0.95775,1,1,1,24.82295,
2022-07-22,s002,94,4,14,0,0,8,7.778246,0,0,0.9622499,5,1,1,29.41835,
2022-07-22,s002,95,4,15,0,0,8,1.848472,0,0,0.9614999,4,1,1,28.94485,
2022-07-22,s002,95,4,15,0,0,8,2.687801,0,0,0.957,0,1,1,32.39172,
2022-07-22,s002,95,4,15,0,0,8,3.536202,0,0,0.9614999,4,1,1,32.84439,
2022-07-22,s002,95,4,15,0,0,8,4.401759,0,0,0.957,0,1,1,35.19768,
2022-07-22,s002,95,4,15,0,0,8,5.246932,0,0,0.957,0,1,1,43.03502,
2022-07-22,s002,95,4,15,0,0,8,6.111153,0,0,0.9622499,5,1,1,38.22614,
2022-07-22,s002,95,4,15,0,0,8,6.957183,0,0,0.9629999,6,1,1,52.00682,
2022-07-22,s002,95,4,15,0,0,8,7.822836,0,0,0.96,3,1,1,39.67625,
2022-07-22,s002,96,4,16,0,0,7,1.881487,0,0,0.95775,1,1,1,13.74132,
2022-07-22,s002,96,4,16,0,0,7,2.730047,0,0,0.9622499,5,1,1,17.65899,
2022-07-22,s002,96,4,16,0,0,7,3.582903,0,0,0.957,0,1,1,24.32025,
2022-07-22,s002,96,4,16,0,0,7,4.441982,0,0,0.9622501,5,1,1,23.86252,
2022-07-22,s002,96,4,16,0,0,7,5.29014,0,0,0.9629999,6,1,1,27.57046,
2022-07-22,s002,96,4,16,0,0,7,6.153151,0,0,0.9615,4,1,1,28.35769,
2022-07-22,s002,96,4,16,0,0,7,6.98986,0,0,0.9622501,5,1,1,29.67868,
2022-07-22,s002,97,4,17,0,0,7,1.604224,0,0,0.96,3,1,1,16.47865,
2022-07-22,s002,97,4,17,0,0,7,2.447418,0,0,0.9585,2,1,1,25.68705,
2022-07-22,s002,97,4,17,0,0,7,4.146875,0,0,0.9585,2,1,1,32.23944,
2022-07-22,s002,97,4,17,0,0,7,4.980166,0,0,0.9585,2,1,1,63.95517,
2022-07-22,s002,97,4,17,0,0,7,5.818089,0,0,0.9629999,6,1,1,72.41931,
2022-07-22,s002,97,4,17,0,0,7,6.656605,0,0,0.96,3,1,1,74.24139,
2022-07-22,s002,98,4,18,0,0,8,1.813651,0,0,0.9622499,5,1,0,6.614913,
2022-07-22,s002,98,4,18,0,0,8,2.64786,0,0,0.9630001,6,1,1,19.29277,
2022-07-22,s002,98,4,18,0,0,8,3.503483,0,0,0.9629999,6,1,1,26.95097,
2022-07-22,s002,98,4,18,0,0,8,4.347836,0,0,0.9585,2,1,1,26.58834,
2022-07-22,s002,98,4,18,0,0,8,5.190413,0,0,0.95775,1,1,1,19.76255,
2022-07-22,s002,98,4,18,0,0,8,6.032402,0,0,0.957,0,1,1,24.7205,
2022-07-22,s002,98,4,18,0,0,8,7.712093,0,0,0.9615,4,1,1,18.87633,
2022-07-22,s002,99,4,19,0,0,8,2.160743,0,0,0.9615,4,1,1,36.87067,
2022-07-22,s002,99,4,19,0,0,8,2.99174,0,0,0.95775,1,1,1,34.96482,
2022-07-22,s002,99,4,19,0,0,8,3.85577,0,0,0.95775,1,1,1,31.65618,
2022-07-22,s002,99,4,19,0,0,8,4.690821,0,0,0.96,3,1,1,24.47066,
2022-07-22,s002,99,4,19,0,0,8,5.524559,0,0,0.9630001,6,1,1,49.36063,
2022-07-22,s002,99,4,19,0,0,8,6.378892,0,0,0.9630001,6,1,1,49.88439,
2022-07-22,s002,99,4,19,0,0,8,7.212503,0,0,0.9585,2,1,1,45.89041,
2022-07-22,s002,99,4,19,0,0,8,8.050178,0,0,0.9629999,6,1,1,42.66824,
2022-07-22,s002,100,5,0,0,0,8,1.773018,0,0,0.9629999,6,1,1,25.76983,
2022-07-22,s002,100,5,0,0,0,8,2.6267,0,0,0.95775,1,1,1,23.78467,
2022-07-22,s002,100,5,0,0,0,8,3.46185,0,0,0.9614999,4,1,1,23.29955,
2022-07-22,s002,100,5,0,0,0,8,5.150133,0,0,0.9630001,6,1,1,30.37591,
2022-07-22,s002,100,5,0,0,0,8,6.005263,0,0,0.9630001,6,1,1,24.70566,
2022-07-22,s002,100,5,0,0,0,8,6.849197,0,0,0.96,3,1,1,23.21178,
2022-07-22,s002,100,5,0,0,0,8,7.693596,0,0,0.95775,1,1,1,29.48424,
2022-07-22,s002,101,5,1,0,0,8,2.224194,0,0,0.9622499,5,1,1,27.30304,
2022-07-22,s002,101,5,1,0,0,8,3.068586,0,0,0.96,3,1,1,34.65442,
2022-07-22,s002,101,5,1,0,0,8,3.927387,0,0,0.9622499,5,1,1,41.76629,
2022-07-22,s002,101,5,1,0,0,8,4.780484,0,0,0.9630001,6,1,1,40.21935,
2022-07-22,s002,101,5,1,0,0,8,5.613413,0,0,0.9615,4,1,1,43.30739,
2022-07-22,s002,101,5,1,0,0,8,6.453847,0,0,0.95775,1,1,1,47.10318,
2022-07-22,s002,101,5,1,0,0,8,7.290855,0,0,0.957,0,1,1,46.63084,
2022-07-22,s002,101,5,1,0,0,8,8.134604,0,0,0.95775,1,1,1,52.01101,
2022-07-22,s002,102,5,2,0,0,7,2.109962,0,0,0.96,3,1,1,16.55503,
2022-07-22,s002,102,5,2,0,0,7,2.957068,0,0,0.95775,1,1,1,17.26895,
2022-07-22,s002,102,5,2,0,0,7,3.798528,0,0,0.957,0,1,1,31.11949,
2022-07-22,s002,102,5,2,0,0,7,4.636144,0,0,0.9585,2,1,1,32.31219,
2022-07-22,s002,102,5,2,0,0,7,5.482552,0,0,0.957,0,1,1,25.95874,
2022-07-22,s002,102,5,2,0,0,7,6.330652,0,0,0.9585,2,1,1,19.12669,
2022-07-22,s002,102,5,2,0,0,7,7.552974,0,0,0.95775,1,1,1,36.62852,
2022-07-22,s002,103,5,3,0,0,8,1.775379,0,0,0.957,0,1,1,51.3046,
2022-07-22,s002,103,5,3,0,0,8,2.614794,0,0,0.9622501,5,1,1,52.75265,
2022-07-22,s002,103,5,3,0,0,8,3.477615,0,0,0.9585,2,1,1,33.34277,
2022-07-22,s002,103,5,3,0,0,8,4.314093,0,0,0.9615,4,1,1,33.57899,
2022-07-22,s002,103,5,3,0,0,8,5.181047,0,0,0.96,3,1,1,51.07402,
2022-07-22,s002,103,5,3,0,0,8,6.032995,0,0,0.957,0,1,1,48.16138,
2022-07-22,s002,103,5,3,0,0,8,7.722455,0,0,0.957,0,1,1,48.79955,
2022-07-22,s002,104,5,4,0,0,8,1.704115,0,0,0.95775,1,1,1,14.09403,
2022-07-22,s002,104,5,4,0,0,8,2.55929,0,0,0.9629999,6,1,1,18.68032,
2022-07-22,s002,104,5,4,0,0,8,4.247707,0,0,0.96,3,1,1,28.95798,
2022-07-22,s002,104,5,4,0,0,8,5.109011,0,0,0.9585,2,1,1,26.27713,
2022-07-22,s002,104,5,4,0,0,8,5.946712,0,0,0.95775,1,1,1,30.62328,
2022-07-22,s002,104,5,4,0,0,8,6.810307,0,0,0.957,0,1,1,31.56915,
2022-07-22,s002,104,5,4,0,0,8,7.811892,0,0,0.9630001,6,1,1,32.10307,
2022-07-22,s002,105,5,5,0,0,8,1.925442,0,0,0.9622501,5,1,1,35.05679,
2022-07-22,s002,105,5,5,0,0,8,2.76917,0,0,0.9614999,4,1,1,34.57312,
2022-07-22,s002,105,5,5,0,0,8,4.468938,0,0,0.9630001,6,1,1,38.90549,
2022-07-22,s002,105,5,5,0,0,8,5.31284,0,0,0.9585,2,1,1,41.93269,
2022-07-22,s002,105,5,5,0,0,8,6.156435,0,0,0.95775,1,1,1,45.98471,
2022-07-22,s002,105,5,5,0,0,8,6.996392,0,0,0.9614999,4,1,1,38.24265,
2022-07-22,s002,105,5,5,0,0,8,7.840209,0,0,0.9585,2,1,1,35.45864,
2022-07-22,s002,106,5,6,0,0,8,2.017393,0,0,0.95775,1,1,1,16.47161,
2022-07-22,s002,106,5,6,0,0,8,3.724576,0,0,0.9614999,4,1,1,27.18664,
2022-07-22,s002,106,5,6,0,0,8,4.576407,0,0,0.96,3,1,1,18.08861,
2022-07-22,s002,106,5,6,0,0,8,5.41345,0,0,0.9615,4,1,1,18.95103,
2022-07-22,s002,106,5,6,0,0,8,6.275819,0,0,0.957,0,1,1,28.48264,
2022-07-22,s002,106,5,6,0,0,8,7.123227,0,0,0.95775,1,1,1,34.09822,
2022-07-22,s002,106,5,6,0,0,8,7.986997,0,0,0.9615,4,1,1,38.09071,
2022-07-22,s002,107,5,7,0,0,7,1.699831,0,0,0.957,0,1,1,22.05845,
2022-07-22,s002,107,5,7,0,0,7,2.560806,0,0,0.9615,4,1,1,15.70109,
2022-07-22,s002,107,5,7,0,0,7,3.398806,0,0,0.9622501,5,1,1,41.17802,
2022-07-22,s002,107,5,7,0,0,7,4.242711,0,0,0.9630001,6,1,1,46.69917,
2022-07-22,s002,107,5,7,0,0,7,5.109006,0,0,0.957,0,1,1,25.88545,
2022-07-22,s002,107,5,7,0,0,7,5.953276,0,0,0.9585,2,1,1,37.10491,
2022-07-22,s002,107,5,7,0,0,7,6.818903,0,0,0.9630001,6,1,1,49.5699,
2022-07-22,s002,108,5,8,0,0,8,2.056653,0,0,0.9615,4,1,1,9.612309,
2022-07-22,s002,108,5,8,0,0,8,2.90073,0,0,0.95775,1,1,1,32.74872,
2022-07-22,s002,108,5,8,0,0,8,3.764815,0,0,0.957,0,1,1,29.73046,
2022-07-22,s002,108,5,8,0,0,8,4.610257,0,0,0.9630001,6,1,1,32.18034,
2022-07-22,s002,108,5,8,0,0,8,5.444438,0,0,0.95775,1,1,1,29.87204,
2022-07-22,s002,108,5,8,0,0,8,6.310461,0,0,0.957,0,1,1,21.74901,
2022-07-22,s002,108,5,8,0,0,8,7.142803,0,0,0.96,3,1,1,22.80507,
2022-07-22,s002,108,5,8,0,0,8,7.98101,0,0,0.957,0,1,1,26.49237,
2022-07-22,s002,109,5,9,0,0,8,1.809466,0,0,0.9622501,5,1,1,44.62308,
2022-07-22,s002,109,5,9,0,0,8,2.66039,0,0,0.95775,1,1,1,40.90868,
2022-07-22,s002,109,5,9,0,0,8,4.372304,0,0,0.95775,1,1,1,47.64803,
2022-07-22,s002,109,5,9,0,0,8,5.20807,0,0,0.9585,2,1,1,43.98362,
2022-07-22,s002,109,5,9,0,0,8,6.041404,0,0,0.96,3,1,1,45.38936,
2022-07-22,s002,109,5,9,0,0,8,6.895556,0,0,0.96,3,1,1,47.53836,
2022-07-22,s002,109,5,9,0,0,8,7.740798,0,0,0.96,3,1,1,45.05435,
2022-07-22,s002,110,5,10,0,0,8,2.009687,0,0,0.96,3,1,1,26.56191,
2022-07-22,s002,110,5,10,0,0,8,2.854552,0,0,0.9622501,5,1,1,15.18225,
2022-07-22,s002,110,5,10,0,0,8,3.708416,0,0,0.9622501,5,1,1,29.09688,
2022-07-22,s002,110,5,10,0,0,8,4.552867,0,0,0.9614999,4,1,1,34.08158,
2022-07-22,s002,110,5,10,0,0,8,5.430897,0,0,0.957,0,1,1,32.57983,
2022-07-22,s002,110,5,10,0,0,8,6.274444,0,0,0.96,3,1,1,28.46003,
2022-07-22,s002,110,5,10,0,0,8,8.026955,0,0,0.9615,4,1,1,32.75817,
2022-07-22,s002,111,5,11,0,0,8,2.172249,0,0,0.9615,4,1,1,33.8588,
2022-07-22,s002,111,5,11,0,0,8,3.019184,0,0,0.95775,1,1,1,29.86944,
2022-07-22,s002,111,5,11,0,0,8,3.883455,0,0,0.9622501,5,1,1,42.52446,
2022-07-22,s002,111,5,11,0,0,8,4.729571,0,0,0.9622501,5,1,1,40.32595,
2022-07-22,s002,111,5,11,0,0,8,5.573062,0,0,0.9630001,6,1,1,44.07001,
2022-07-22,s002,111,5,11,0,0,8,7.272772,0,0,0.9622501,5,1,1,43.56975,
2022-07-22,s002,111,5,11,0,0,8,8.127311,0,0,0.957,0,1,1,41.49145,
2022-07-22,s002,112,5,12,0,0,8,2.929284,0,0,0.9585,2,1,1,21.61407,
2022-07-22,s002,112,5,12,0,0,8,3.793077,0,0,0.96,3,1,1,24.128,
2022-07-22,s002,112,5,12,0,0,8,4.630058,0,0,0.9622501,5,1,1,23.2146,
2022-07-22,s002,112,5,12,0,0,8,5.474176,0,0,0.9622501,5,1,1,23.06971,
2022-07-22,s002,112,5,12,0,0,8,7.183742,0,0,0.9585,2,1,1,21.89722,
2022-07-22,s002,112,5,12,0,0,8,8.049865,0,0,0.95775,1,1,1,28.33463,
2022-07-22,s002,113,5,13,0,0,8,1.825934,0,0,0.96,3,1,1,33.02705,
2022-07-22,s002,113,5,13,0,0,8,2.670878,0,0,0.96,3,1,1,35.41122,
2022-07-22,s002,113,5,13,0,0,8,3.541627,0,0,0.9585,2,1,1,46.35609,
2022-07-22,s002,113,5,13,0,0,8,4.390546,0,0,0.95775,1,1,1,33.59305,
2022-07-22,s002,113,5,13,0,0,8,5.243301,0,0,0.9630001,6,1,1,26.0591,
2022-07-22,s002,113,5,13,0,0,8,6.090311,0,0,0.96,3,1,1,44.74815,
2022-07-22,s002,113,5,13,0,0,8,6.966771,0,0,0.9585,2,1,1,51.13454,
2022-07-22,s002,113,5,13,0,0,8,7.822483,0,0,0.9615,4,1,1,51.00989,
2022-07-22,s002,114,5,14,0,0,8,1.914575,0,0,0.96,3,1,1,30.18797,
2022-07-22,s002,114,5,14,0,0,8,2.750408,0,0,0.9622501,5,1,1,24.9168,
2022-07-22,s002,114,5,14,0,0,8,3.613132,0,0,0.9615,4,1,1,24.17124,
2022-07-22,s002,114,5,14,0,0,8,4.457007,0,0,0.96,3,1,1,27.86082,
2022-07-22,s002,114,5,14,0,0,8,5.312682,0,0,0.96,3,1,1,28.3471,
2022-07-22,s002,114,5,14,0,0,8,6.145566,0,0,0.95775,1,1,1,18.06808,
2022-07-22,s002,114,5,14,0,0,8,6.997259,0,0,0.95775,1,1,1,22.33484,
2022-07-22,s002,114,5,14,0,0,8,7.84521,0,0,0.95775,1,1,1,17.93851,
2022-07-22,s002,115,5,15,0,0,8,1.973242,0,0,0.9630001,6,1,1,27.62095,
2022-07-22,s002,115,5,15,0,0,8,2.811169,0,0,0.9585,2,1,1,34.76275,
2022-07-22,s002,115,5,15,0,0,8,3.675089,0,0,0.9615,4,1,1,37.56428,
2022-07-22,s002,115,5,15,0,0,8,4.521101,0,0,0.9585,2,1,1,44.8067,
2022-07-22,s002,115,5,15,0,0,8,5.387326,0,0,0.957,0,1,1,40.18871,
2022-07-22,s002,115,5,15,0,0,8,6.241953,0,0,0.96,3,1,1,38.08441,
2022-07-22,s002,115,5,15,0,0,8,7.095277,0,0,0.957,0,1,1,41.6948,
2022-07-22,s002,115,5,15,0,0,8,7.94152,0,0,0.9622501,5,1,1,49.04135,
2022-07-22,s002,116,5,16,0,0,8,1.85965,0,0,0.957,0,1,1,12.78261,
2022-07-22,s002,116,5,16,0,0,8,2.698142,0,0,0.9622501,5,1,1,9.297412,
2022-07-22,s002,116,5,16,0,0,8,3.536626,0,0,0.9615,4,1,1,28.43805,
2022-07-22,s002,116,5,16,0,0,8,5.246411,0,0,0.957,0,1,0,6.06469,
2022-07-22,s002,116,5,16,0,0,8,6.111466,0,0,0.96,3,1,1,32.02099,
2022-07-22,s002,116,5,16,0,0,8,6.95612,0,0,0.9585,2,1,1,33.15068,
2022-07-22,s002,116,5,16,0,0,8,7.819791,0,0,0.9615,4,1,1,33.81156,
2022-07-22,s002,117,5,17,0,0,8,1.81376,0,0,0.95775,1,1,1,38.56074,
2022-07-22,s002,117,5,17,0,0,8,3.497829,0,0,0.9585,2,1,1,41.57926,
2022-07-22,s002,117,5,17,0,0,8,4.346683,0,0,0.9622501,5,1,1,59.74138,
2022-07-22,s002,117,5,17,0,0,8,5.198825,0,0,0.9630001,6,1,1,48.9521,
2022-07-22,s002,117,5,17,0,0,8,6.053578,0,0,0.95775,1,1,1,40.12111,
2022-07-22,s002,117,5,17,0,0,8,6.918888,0,0,0.96,3,1,1,32.37889,
2022-07-22,s002,117,5,17,0,0,8,7.76734,0,0,0.9622501,5,1,1,42.42538,
2022-07-22,s002,118,5,18,0,0,8,1.848453,0,0,0.9622501,5,1,1,11.57411,
2022-07-22,s002,118,5,18,0,0,8,3.553507,0,0,0.9630001,6,1,1,23.0866,
2022-07-22,s002,118,5,18,0,0,8,4.480869,0,0,0.9615,4,1,1,44.57393,
2022-07-22,s002,118,5,18,0,0,8,6.191219,0,0,0.9622501,5,1,1,39.628,
2022-07-22,s002,118,5,18,0,0,8,7.034465,0,0,0.957,0,1,1,12.51454,
2022-07-22,s002,118,5,18,0,0,8,7.88879,0,0,0.95775,1,1,1,24.34998,
2022-07-22,s002,119,5,19,0,0,8,2.147395,0,0,0.9622501,5,1,1,35.75475,
2022-07-22,s002,119,5,19,0,0,8,3.847507,0,0,0.96,3,1,1,25.96999,
2022-07-22,s002,119,5,19,0,0,8,4.691647,0,0,0.95775,1,1,1,31.67998,
2022-07-22,s002,119,5,19,0,0,8,5.549531,0,0,0.9622501,5,1,1,31.14774,
2022-07-22,s002,119,5,19,0,0,8,6.401785,0,0,0.96,3,1,1,54.28225,
2022-07-22,s002,119,5,19,0,0,8,7.256445,0,0,0.9615,4,1,1,42.80291,
2022-07-22,s002,119,5,19,0,0,8,8.102766,0,0,0.96,3,1,1,35.19099,
2022-07-22,s002,120,6,0,0,0,8,2.037551,0,0,0.9629999,6,1,1,21.24742,
2022-07-22,s002,120,6,0,0,0,8,2.876883,0,0,0.9630001,6,1,1,18.54017,
2022-07-22,s002,120,6,0,0,0,8,3.724696,0,0,0.957,0,1,1,20.20459,
2022-07-22,s002,120,6,0,0,0,8,4.578432,0,0,0.95775,1,1,1,21.21119,
2022-07-22,s002,120,6,0,0,0,8,5.43536,0,0,0.9622501,5,1,1,30.09228,
2022-07-22,s002,120,6,0,0,0,8,6.298099,0,0,0.9585,2,1,1,20.70989,
2022-07-22,s002,120,6,0,0,0,8,7.145968,0,0,0.9622501,5,1,1,18.83461,
2022-07-22,s002,120,6,0,0,0,8,8.000889,0,0,0.957,0,1,1,18.09905,
2022-07-22,s002,121,6,1,0,0,8,2.340881,0,0,0.9630001,6,1,1,38.04134,
2022-07-22,s002,121,6,1,0,0,8,3.198387,0,0,0.9615,4,1,1,34.52829,
2022-07-22,s002,121,6,1,0,0,8,4.047917,0,0,0.957,0,1,1,26.44352,
2022-07-22,s002,121,6,1,0,0,8,4.887516,0,0,0.95775,1,1,1,23.29777,
2022-07-22,s002,121,6,1,0,0,8,5.752279,0,0,0.96,3,1,1,28.15379,
2022-07-22,s002,121,6,1,0,0,8,6.597158,0,0,0.957,0,1,1,34.97254,
2022-07-22,s002,122,6,1,0,0,8,8.299683,0,0,0.9630001,6,1,1,36.11033,
2022-07-22,s002,122,6,2,0,0,8,1.927174,0,0,0.9622501,5,1,1,16.02714,
2022-07-22,s002,122,6,2,0,0,8,2.769178,0,0,0.9615,4,1,1,15.06425,
2022-07-22,s002,122,6,2,0,0,8,3.613434,0,0,0.9615,4,1,1,28.62902,
2022-07-22,s002,122,6,2,0,0,8,4.457819,0,0,0.95775,1,1,1,29.73399,
2022-07-22,s002,122,6,2,0,0,8,5.301985,0,0,0.9585,2,1,1,32.76059,
2022-07-22,s002,122,6,2,0,0,8,6.151383,0,0,0.96,3,1,1,24.03363,
2022-07-22,s002,122,6,2,0,0,8,7.00032,0,0,0.9630001,6,1,1,31.33898,
2022-07-22,s002,122,6,2,0,0,8,7.855186,0,0,0.957,0,1,1,31.08057,
2022-07-22,s002,123,6,3,0,0,8,1.824735,0,0,0.957,0,1,1,34.30343,
2022-07-22,s002,123,6,3,0,0,8,2.669542,0,0,0.9630001,6,1,1,30.21327,
2022-07-22,s002,123,6,3,0,0,8,3.513735,0,0,0.9615,4,1,1,42.44308,
2022-07-22,s002,123,6,3,0,0,8,4.357396,0,0,0.9622501,5,1,1,44.4939,
2022-07-22,s002,123,6,3,0,0,8,5.207804,0,0,0.96,3,1,1,43.67889,
2022-07-22,s002,123,6,3,0,0,8,6.044908,0,0,0.9585,2,1,1,40.26188,
2022-07-22,s002,123,6,3,0,0,8,6.909667,0,0,0.9630001,6,1,1,43.26175,
2022-07-22,s002,123,6,3,0,0,8,7.755791,0,0,0.96,3,1,1,46.40665,
2022-07-22,s002,124,6,4,0,0,8,1.78826,0,0,0.9630001,6,1,1,13.92977,
2022-07-22,s002,124,6,4,0,0,8,2.640224,0,0,0.96,3,1,1,24.06723,
2022-07-22,s002,124,6,4,0,0,8,3.481338,0,0,0.9585,2,1,1,18.57663,
2022-07-22,s002,124,6,4,0,0,8,4.335869,0,0,0.9615,4,1,1,18.1662,
2022-07-22,s002,124,6,4,0,0,8,5.179434,0,0,0.9615,4,1,1,25.42911,
2022-07-22,s002,124,6,4,0,0,8,6.87856,0,0,0.95775,1,1,1,25.97069,
2022-07-22,s002,124,6,4,0,0,8,7.731798,0,0,0.9622501,5,1,1,24.31221,
2022-07-22,s002,125,6,5,0,0,8,2.700554,0,0,0.9630001,6,1,1,42.04071,
2022-07-22,s002,125,6,5,0,0,8,3.535652,0,0,0.9585,2,1,1,35.34589,
2022-07-22,s002,125,6,5,0,0,8,4.379927,0,0,0.957,0,1,1,40.65827,
2022-07-22,s002,125,6,5,0,0,8,5.224201,0,0,0.957,0,1,1,44.6715,
2022-07-22,s002,125,6,5,0,0,8,6.057248,0,0,0.95775,1,1,1,41.63025,
2022-07-22,s002,125,6,5,0,0,8,6.907462,0,0,0.9622501,5,1,1,50.48808,
2022-07-22,s002,126,6,6,0,0,8,1.837326,0,0,0.9615,4,1,1,14.48555,
2022-07-22,s002,126,6,6,0,0,8,2.702453,0,0,0.9585,2,1,1,30.69124,
2022-07-22,s002,126,6,6,0,0,8,3.547717,0,0,0.96,3,1,1,20.10522,
2022-07-22,s002,126,6,6,0,0,8,4.410581,0,0,0.9585,2,1,1,23.05774,
2022-07-22,s002,126,6,6,0,0,8,6.091388,0,0,0.95775,1,1,1,20.66457,
2022-07-22,s002,126,6,6,0,0,8,6.95796,0,0,0.957,0,1,1,25.36593,
2022-07-22,s002,126,6,6,0,0,8,7.813121,0,0,0.9615,4,1,1,27.98081,
2022-07-22,s002,127,6,7,0,0,7,1.648555,0,0,0.9630001,6,1,1,37.01197,
2022-07-22,s002,127,6,7,0,0,7,2.49198,0,0,0.9615,4,1,1,32.66907,
2022-07-22,s002,127,6,7,0,0,7,3.332338,0,0,0.9615,4,1,1,39.87338,
2022-07-22,s002,127,6,7,0,0,7,4.16923,0,0,0.9630001,6,1,1,32.60021,
2022-07-22,s002,127,6,7,0,0,7,5.034783,0,0,0.957,0,1,1,46.47201,
2022-07-22,s002,127,6,7,0,0,7,5.879513,0,0,0.9630001,6,1,1,50.1077,
2022-07-22,s002,127,6,7,0,0,7,7.601365,0,0,0.95775,1,1,1,54.78077,
2022-07-22,s002,128,6,8,0,0,8,1.859169,0,0,0.96,3,1,1,31.63725,
2022-07-22,s002,128,6,8,0,0,8,2.702312,0,0,0.9615,4,1,1,14.97945,
2022-07-22,s002,128,6,8,0,0,8,3.554183,0,0,0.96,3,1,1,15.20216,
2022-07-22,s002,128,6,8,0,0,8,4.402346,0,0,0.9630001,6,1,1,34.81513,
2022-07-22,s002,128,6,8,0,0,8,5.261527,0,0,0.9585,2,1,1,31.14597,
2022-07-22,s002,128,6,8,0,0,8,6.101102,0,0,0.95775,1,1,1,26.08702,
2022-07-22,s002,128,6,8,0,0,8,6.967336,0,0,0.9622501,5,1,1,20.52179,
2022-07-22,s002,128,6,8,0,0,8,7.812019,0,0,0.96,3,1,1,30.46933,
2022-07-22,s002,129,6,9,0,0,8,1.904355,0,0,0.9585,2,1,1,34.3322,
2022-07-22,s002,129,6,9,0,0,8,2.769802,0,0,0.9615,4,1,1,31.65033,
2022-07-22,s002,129,6,9,0,0,8,4.447251,0,0,0.9622501,5,1,1,39.15955,
2022-07-22,s002,129,6,9,0,0,8,5.313163,0,0,0.96,3,1,1,38.73069,
2022-07-22,s002,129,6,9,0,0,8,6.146385,0,0,0.96,3,1,1,39.92089,
2022-07-22,s002,129,6,9,0,0,8,6.987471,0,0,0.957,0,1,1,41.36119,
2022-07-22,s002,129,6,9,0,0,8,7.833925,0,0,0.96,3,1,1,47.21478,
2022-07-22,s002,130,6,10,0,0,8,1.891066,0,0,0.9585,2,1,1,21.79319,
2022-07-22,s002,130,6,10,0,0,8,2.724586,0,0,0.95775,1,1,1,17.87158,
2022-07-22,s002,130,6,10,0,0,8,3.586658,0,0,0.957,0,1,1,21.1092,
2022-07-22,s002,130,6,10,0,0,8,4.432027,0,0,0.9630001,6,1,1,21.1387,
2022-07-22,s002,130,6,10,0,0,8,5.269095,0,0,0.95775,1,1,1,21.91082,
2022-07-22,s002,130,6,10,0,0,8,6.123013,0,0,0.9585,2,1,1,28.43548,
2022-07-22,s002,130,6,10,0,0,8,6.956277,0,0,0.957,0,1,1,23.04506,
2022-07-22,s002,131,6,11,0,0,8,1.859296,0,0,0.95775,1,1,1,32.77114,
2022-07-22,s002,131,6,11,0,0,8,2.719574,0,0,0.95775,1,1,1,30.32549,
2022-07-22,s002,131,6,11,0,0,8,3.569126,0,0,0.9630001,6,1,1,41.83066,
2022-07-22,s002,131,6,11,0,0,8,4.429995,0,0,0.9615,4,1,1,39.98684,
2022-07-22,s002,131,6,11,0,0,8,6.94632,0,0,0.9585,2,1,1,41.161,
2022-07-22,s002,132,6,12,0,0,8,2.63753,0,0,0.9615,4,1,1,21.18468,
2022-07-22,s002,132,6,12,0,0,8,3.476814,0,0,0.957,0,1,1,16.2092,
2022-07-22,s002,132,6,12,0,0,8,4.325199,0,0,0.95775,1,1,1,22.87853,
2022-07-22,s002,132,6,12,0,0,8,5.179159,0,0,0.9622501,5,1,1,14.15232,
2022-07-22,s002,132,6,12,0,0,8,6.023791,0,0,0.95775,1,1,1,19.70306,
2022-07-22,s002,132,6,12,0,0,8,6.889337,0,0,0.95775,1,1,1,25.22124,
2022-07-22,s002,133,6,13,0,0,8,2.725383,0,0,0.9585,2,1,1,37.94775,
2022-07-22,s002,133,6,13,0,0,8,3.580507,0,0,0.9615,4,1,1,40.24369,
2022-07-22,s002,133,6,13,0,0,8,4.423829,0,0,0.9630001,6,1,1,43.2447,
2022-07-22,s002,133,6,13,0,0,8,5.279857,0,0,0.9615,4,1,1,35.36939,
2022-07-22,s002,133,6,13,0,0,8,6.12404,0,0,0.957,0,1,1,36.78145,
2022-07-22,s002,133,6,13,0,0,8,6.989583,0,0,0.9585,2,1,1,39.97375,
2022-07-22,s002,133,6,13,0,0,8,7.827534,0,0,0.9615,4,1,1,45.43332,
2022-07-22,s002,134,6,14,0,0,8,2.098487,0,0,0.95775,1,1,1,19.11237,
2022-07-22,s002,134,6,14,0,0,8,4.629818,0,0,0.9622501,5,1,1,17.65555,
2022-07-22,s002,134,6,14,0,0,8,5.479289,0,0,0.9585,2,1,1,23.55636,
2022-07-22,s002,134,6,14,0,0,8,6.338382,0,0,0.9622501,5,1,1,20.34591,
2022-07-22,s002,134,6,14,0,0,8,7.178851,0,0,0.9585,2,1,1,19.69053,
2022-07-22,s002,134,6,14,0,0,8,8.020697,0,0,0.95775,1,1,1,32.0378,
2022-07-22,s002,135,6,15,0,0,8,2.11711,0,0,0.9622501,5,1,1,35.78197,
2022-07-22,s002,135,6,15,0,0,8,2.978794,0,0,0.9622501,5,1,1,38.34551,
2022-07-22,s002,135,6,15,0,0,8,3.816491,0,0,0.957,0,1,1,30.16049,
2022-07-22,s002,135,6,15,0,0,8,4.64984,0,0,0.9622501,5,1,1,38.38649,
2022-07-22,s002,135,6,15,0,0,8,5.504251,0,0,0.9630001,6,1,1,40.08244,
2022-07-22,s002,135,6,15,0,0,8,6.348474,0,0,0.95775,1,1,1,30.44149,
2022-07-22,s002,135,6,15,0,0,8,7.203211,0,0,0.9585,2,1,1,48.48666,
2022-07-22,s002,135,6,15,0,0,8,8.037139,0,0,0.9622501,5,1,1,42.78434,
2022-07-22,s002,136,6,16,0,0,8,2.069562,0,0,0.9615,4,1,1,19.46971,
2022-07-22,s002,136,6,16,0,0,8,2.930249,0,0,0.95775,1,1,1,17.08766,
2022-07-22,s002,136,6,16,0,0,8,3.769039,0,0,0.9615,4,1,1,17.9999,
2022-07-22,s002,136,6,16,0,0,8,4.602929,0,0,0.957,0,1,1,23.31779,
2022-07-22,s002,136,6,16,0,0,8,6.301317,0,0,0.9615,4,1,1,25.18503,
2022-07-22,s002,136,6,16,0,0,8,7.14402,0,0,0.9630001,6,1,1,19.63515,
2022-07-22,s002,137,6,17,0,0,8,2.244753,0,0,0.9585,2,1,1,46.73608,
2022-07-22,s002,137,6,17,0,0,8,3.106756,0,0,0.9615,4,1,1,37.21801,
2022-07-22,s002,137,6,17,0,0,8,3.954592,0,0,0.9585,2,1,1,27.21429,
2022-07-22,s002,137,6,17,0,0,8,4.817197,0,0,0.9615,4,1,1,44.57656,
2022-07-22,s002,137,6,17,0,0,8,6.497983,0,0,0.96,3,1,1,46.87543,
2022-07-22,s002,137,6,17,0,0,8,7.347778,0,0,0.957,0,1,1,35.11067,
2022-07-22,s002,138,6,17,0,0,8,8.197296,0,0,0.96,3,1,1,56.71928,
2022-07-22,s002,138,6,18,0,0,8,1.803715,0,0,0.957,0,1,1,20.39479,
2022-07-22,s002,138,6,18,0,0,8,2.666162,0,0,0.95775,1,1,1,19.56711,
2022-07-22,s002,138,6,18,0,0,8,3.513001,0,0,0.9622501,5,1,1,17.35369,
2022-07-22,s002,138,6,18,0,0,8,4.368361,0,0,0.9630001,6,1,1,21.32596,
2022-07-22,s002,138,6,18,0,0,8,5.213007,0,0,0.96,3,1,1,24.15339,
2022-07-22,s002,138,6,18,0,0,8,6.911869,0,0,0.9615,4,1,1,26.91775,
2022-07-22,s002,138,6,18,0,0,8,7.755731,0,0,0.9622501,5,1,1,32.00655,
2022-07-22,s002,139,6,19,0,0,8,2.070578,0,0,0.96,3,1,1,28.77354,
2022-07-22,s002,139,6,19,0,0,8,2.913496,0,0,0.96,3,1,1,23.88765,
2022-07-22,s002,139,6,19,0,0,8,3.775133,0,0,0.9630001,6,1,1,23.23876,
2022-07-22,s002,139,6,19,0,0,8,4.624434,0,0,0.9615,4,1,1,50.4317,
2022-07-22,s002,139,6,19,0,0,8,5.484919,0,0,0.95775,1,1,1,51.08584,
2022-07-22,s002,139,6,19,0,0,8,7.203393,0,0,0.9630001,6,1,1,46.31347,
2022-07-22,s002,139,6,19,0,0,8,8.04465,0,0,0.95775,1,1,1,51.96748,
2022-07-22,s002,140,7,0,0,0,7,1.770661,0,0,0.9585,2,1,1,14.75156,
2022-07-22,s002,140,7,0,0,0,7,3.480018,0,0,0.96,3,1,1,26.83071,
2022-07-22,s002,140,7,0,0,0,7,5.190451,0,0,0.95775,1,1,1,19.26225,
2022-07-22,s002,140,7,0,0,0,7,6.053669,0,0,0.9585,2,1,1,22.36234,
2022-07-22,s002,140,7,0,0,0,7,7.54485,0,0,0.95775,1,1,1,24.68009,
2022-07-22,s002,141,7,1,0,0,7,1.870487,0,0,0.957,0,1,1,38.19677,
2022-07-22,s002,141,7,1,0,0,7,2.710084,0,0,0.95775,1,1,1,29.52351,
2022-07-22,s002,141,7,1,0,0,7,3.557623,0,0,0.9615,4,1,1,34.95964,
2022-07-22,s002,141,7,1,0,0,7,4.392004,0,0,0.9630001,6,1,1,27.31889,
2022-07-22,s002,141,7,1,0,0,7,5.246445,0,0,0.96,3,1,1,39.81115,
2022-07-22,s002,141,7,1,0,0,7,6.090628,0,0,0.9585,2,1,1,44.6936,
2022-07-22,s002,141,7,1,0,0,7,7.14552,0,0,0.957,0,1,1,33.15229,
2022-07-22,s002,142,7,2,0,0,7,2.003235,0,0,0.9622501,5,1,1,18.84752,
2022-07-22,s002,142,7,2,0,0,7,2.844736,0,0,0.9622501,5,1,1,18.40182,
2022-07-22,s002,142,7,2,0,0,7,3.706251,0,0,0.9615,4,1,1,25.08486,
2022-07-22,s002,142,7,2,0,0,7,4.555093,0,0,0.9585,2,1,1,22.21362,
2022-07-22,s002,142,7,2,0,0,7,5.419136,0,0,0.95775,1,1,1,19.10069,
2022-07-22,s002,142,7,2,0,0,7,7.842132,0,0,0.95775,1,1,1,32.73804,
2022-07-22,s002,143,7,3,0,0,8,1.847635,0,0,0.9630001,6,1,1,29.36695,
2022-07-22,s002,143,7,3,0,0,8,2.68833,0,0,0.9615,4,1,1,25.40697,
2022-07-22,s002,143,7,3,0,0,8,3.525381,0,0,0.957,0,1,1,39.03469,
2022-07-22,s002,143,7,3,0,0,8,5.224098,0,0,0.9622501,5,1,1,30.91485,
2022-07-22,s002,143,7,3,0,0,8,6.06861,0,0,0.9630001,6,1,1,37.2342,
2022-07-22,s002,143,7,3,0,0,8,6.908804,0,0,0.9585,2,1,1,44.98879,
2022-07-22,s002,143,7,3,0,0,8,7.745264,0,0,0.9615,4,1,1,36.67435,
2022-07-22,s002,144,7,4,0,0,8,1.82204,0,0,0.9630001,6,1,1,24.22761,
2022-07-22,s002,144,7,4,0,0,8,3.54699,0,0,0.9615,4,1,1,15.40827,
2022-07-22,s002,144,7,4,0,0,8,4.380109,0,0,0.96,3,1,1,27.35984,
2022-07-22,s002,144,7,4,0,0,8,5.230167,0,0,0.9615,4,1,1,24.19198,
2022-07-22,s002,144,7,4,0,0,8,6.079466,0,0,0.957,0,1,1,21.638,
2022-07-22,s002,144,7,4,0,0,8,6.940011,0,0,0.9622501,5,1,1,23.31829,
2022-07-22,s002,144,7,4,0,0,8,7.789503,0,0,0.9622501,5,1,1,22.22201,
2022-07-22,s002,145,7,5,0,0,8,1.806741,0,0,0.95775,1,1,1,33.65907,
2022-07-22,s002,145,7,5,0,0,8,2.65854,0,0,0.9622501,5,1,1,45.10833,
2022-07-22,s002,145,7,5,0,0,8,4.357833,0,0,0.9630001,6,1,1,39.58084,
2022-07-22,s002,145,7,5,0,0,8,5.217199,0,0,0.9630001,6,1,1,29.11595,
2022-07-22,s002,145,7,5,0,0,8,6.930403,0,0,0.95775,1,1,1,45.03168,
2022-07-22,s002,145,7,5,0,0,8,7.778253,0,0,0.9630001,6,1,1,40.33147,
2022-07-22,s002,146,7,6,0,0,8,1.852578,0,0,0.95775,1,1,1,18.78963,
2022-07-22,s002,146,7,6,0,0,8,3.547935,0,0,0.95775,1,1,1,14.31931,
2022-07-22,s002,146,7,6,0,0,8,4.416168,0,0,0.957,0,1,1,22.61052,
2022-07-22,s002,146,7,6,0,0,8,6.12402,0,0,0.9615,4,1,1,19.89366,
2022-07-22,s002,146,7,6,0,0,8,6.969262,0,0,0.9615,4,1,1,22.39234,
2022-07-22,s002,147,7,7,0,0,8,1.90296,0,0,0.9630001,6,1,1,31.37739,
2022-07-22,s002,147,7,7,0,0,8,3.591012,0,0,0.9585,2,1,1,42.91088,
2022-07-22,s002,147,7,7,0,0,8,4.435759,0,0,0.957,0,1,1,44.78789,
2022-07-22,s002,147,7,7,0,0,8,6.255793,0,0,0.96,3,1,1,34.1846,
2022-07-22,s002,147,7,7,0,0,8,7.089528,0,0,0.9585,2,1,1,49.8873,
2022-07-22,s002,147,7,7,0,0,8,7.9433,0,0,0.9615,4,1,1,35.9456,
2022-07-22,s002,148,7,8,0,0,7,1.542437,0,0,0.95775,1,1,1,17.41958,
2022-07-22,s002,148,7,8,0,0,7,2.386551,0,0,0.96,3,1,1,25.448,
2022-07-22,s002,148,7,8,0,0,7,3.22834,0,0,0.95775,1,1,1,22.86826,
2022-07-22,s002,148,7,8,0,0,7,4.085823,0,0,0.957,0,1,1,17.97655,
2022-07-22,s002,148,7,8,0,0,7,4.929994,0,0,0.9630001,6,1,1,16.08883,
2022-07-22,s002,148,7,8,0,0,7,5.774328,0,0,0.95775,1,1,1,24.41544,
2022-07-22,s002,148,7,8,0,0,7,6.607639,0,0,0.9585,2,1,1,17.01579,
2022-07-22,s002,149,7,9,0,0,8,1.948462,0,0,0.957,0,1,1,31.81806,
2022-07-22,s002,149,7,9,0,0,8,2.792376,0,0,0.9615,4,1,1,36.76077,
2022-07-22,s002,149,7,9,0,0,8,3.636372,0,0,0.9622501,5,1,1,27.30572,
2022-07-22,s002,149,7,9,0,0,8,4.480169,0,0,0.95775,1,1,1,36.02922,
2022-07-22,s002,149,7,9,0,0,8,5.343762,0,0,0.957,0,1,1,35.1395,
2022-07-22,s002,149,7,9,0,0,8,6.19086,0,0,0.9622501,5,1,1,34.35937,
2022-07-22,s002,149,7,9,0,0,8,7.055192,0,0,0.9615,4,1,1,40.34869,
2022-07-22,s002,149,7,9,0,0,8,7.900956,0,0,0.9585,2,1,1,36.59308,
2022-07-22,s002,150,7,10,0,0,7,1.803989,0,0,0.957,0,1,1,24.45454,
2022-07-22,s002,150,7,10,0,0,7,2.64739,0,0,0.957,0,1,1,18.3089,
2022-07-22,s002,150,7,10,0,0,7,4.357945,0,0,0.96,3,1,1,24.9459,
2022-07-22,s002,150,7,10,0,0,7,5.212036,0,0,0.96,3,1,1,24.96677,
2022-07-22,s002,150,7,10,0,0,7,6.057498,0,0,0.96,3,1,1,28.58388,
2022-07-22,s002,150,7,10,0,0,7,6.890584,0,0,0.96,3,1,1,31.79526,
2022-07-22,s002,151,7,11,0,0,8,1.847533,0,0,0.957,0,1,1,31.23409,
2022-07-22,s002,151,7,11,0,0,8,2.686245,0,0,0.96,3,1,1,30.93318,
2022-07-22,s002,151,7,11,0,0,8,3.535656,0,0,0.9622501,5,1,1,27.05154,
2022-07-22,s002,151,7,11,0,0,8,4.397518,0,0,0.9585,2,1,1,31.54741,
2022-07-22,s002,151,7,11,0,0,8,5.245625,0,0,0.9615,4,1,1,27.80951,
2022-07-22,s002,151,7,11,0,0,8,6.099491,0,0,0.9622501,5,1,1,33.66392,
2022-07-22,s002,151,7,11,0,0,8,6.94613,0,0,0.95775,1,1,1,35.56238,
2022-07-22,s002,151,7,11,0,0,8,7.821135,0,0,0.9622501,5,1,1,37.6712,
2022-07-22,s002,152,7,12,0,0,8,1.772932,0,0,0.957,0,1,1,21.0501,
2022-07-22,s002,152,7,12,0,0,8,3.458412,0,0,0.957,0,1,1,20.0583,
2022-07-22,s002,152,7,12,0,0,8,4.309791,0,0,0.9622501,5,1,1,14.67324,
2022-07-22,s002,152,7,12,0,0,8,5.157162,0,0,0.9615,4,1,1,21.16199,
2022-07-22,s002,152,7,12,0,0,8,5.990973,0,0,0.9615,4,1,1,22.29684,
2022-07-22,s002,152,7,12,0,0,8,6.835473,0,0,0.9622501,5,1,1,12.86373,
2022-07-22,s002,152,7,12,0,0,8,7.690299,0,0,0.9615,4,1,1,34.0282,
2022-07-22,s002,153,7,13,0,0,7,1.42175,0,0,0.96,3,1,1,27.53655,
2022-07-22,s002,153,7,13,0,0,7,2.273537,0,0,0.95775,1,1,1,36.01229,
2022-07-22,s002,153,7,13,0,0,7,3.123682,0,0,0.957,0,1,1,28.72127,
2022-07-22,s002,153,7,13,0,0,7,3.973315,0,0,0.95775,1,1,1,38.30188,
2022-07-22,s002,153,7,13,0,0,7,4.833846,0,0,0.9615,4,1,1,34.04738,
2022-07-22,s002,153,7,13,0,0,7,7.512005,0,0,0.95775,1,1,1,45.8456,
2022-07-22,s002,154,7,14,0,0,8,1.835906,0,0,0.96,3,1,1,25.99861,
2022-07-22,s002,154,7,14,0,0,8,2.680541,0,0,0.9622501,5,1,1,16.98845,
2022-07-22,s002,154,7,14,0,0,8,3.543601,0,0,0.96,3,1,1,10.85696,
2022-07-22,s002,154,7,14,0,0,8,4.391114,0,0,0.96,3,1,1,20.78114,
2022-07-22,s002,154,7,14,0,0,8,5.235498,0,0,0.957,0,1,1,21.6799,
2022-07-22,s002,154,7,14,0,0,8,6.076422,0,0,0.96,3,1,1,19.41299,
2022-07-22,s002,154,7,14,0,0,8,6.913149,0,0,0.9585,2,1,1,24.51006,
2022-07-22,s002,154,7,14,0,0,8,7.756308,0,0,0.9630001,6,1,1,23.71266,
2022-07-22,s002,155,7,15,0,0,8,2.014447,0,0,0.9585,2,1,1,17.61254,
2022-07-22,s002,155,7,15,0,0,8,2.865899,0,0,0.9585,2,1,1,31.64487,
2022-07-22,s002,155,7,15,0,0,8,3.702409,0,0,0.96,3,1,1,28.88438,
2022-07-22,s002,155,7,15,0,0,8,4.535695,0,0,0.9622501,5,1,1,43.15232,
2022-07-22,s002,155,7,15,0,0,8,5.392342,0,0,0.9585,2,1,1,40.26206,
2022-07-22,s002,155,7,15,0,0,8,6.332296,0,0,0.957,0,1,1,43.70482,
2022-07-22,s002,155,7,15,0,0,8,7.177447,0,0,0.957,0,1,1,40.25993,
2022-07-22,s002,155,7,15,0,0,8,8.011613,0,0,0.9585,2,1,1,52.82299,
2022-07-22,s002,156,7,16,0,0,8,1.887937,0,0,0.957,0,1,1,26.02504,
2022-07-22,s002,156,7,16,0,0,8,2.731714,0,0,0.95775,1,1,1,25.41341,
2022-07-22,s002,156,7,16,0,0,8,3.596008,0,0,0.9615,4,1,1,14.42884,
2022-07-22,s002,156,7,16,0,0,8,4.430528,0,0,0.96,3,1,1,19.42779,
2022-07-22,s002,156,7,16,0,0,8,5.282715,0,0,0.95775,1,1,1,30.61146,
2022-07-22,s002,156,7,16,0,0,8,6.991214,0,0,0.95775,1,1,1,20.10481,
2022-07-22,s002,156,7,16,0,0,8,7.840349,0,0,0.957,0,1,1,33.27955,
2022-07-22,s002,157,7,17,0,0,8,3.480486,0,0,0.96,3,1,1,28.37076,
2022-07-22,s002,157,7,17,0,0,8,4.336459,0,0,0.9585,2,1,1,34.5303,
2022-07-22,s002,157,7,17,0,0,8,5.186975,0,0,0.9622501,5,1,1,42.04382,
2022-07-22,s002,157,7,17,0,0,8,6.878569,0,0,0.9615,4,1,1,42.46778,
2022-07-22,s002,157,7,17,0,0,8,7.722792,0,0,0.9622501,5,1,1,54.65303,
2022-07-22,s002,158,7,18,0,0,7,1.755947,0,0,0.95775,1,1,0,2.350104,
2022-07-22,s002,158,7,18,0,0,7,2.965533,0,0,0.9615,4,1,0,5.403161,
2022-07-22,s002,158,7,18,0,0,7,3.822122,0,0,0.9615,4,1,1,19.44595,
2022-07-22,s002,158,7,18,0,0,7,4.667114,0,0,0.9585,2,1,1,33.98774,
2022-07-22,s002,158,7,18,0,0,7,5.521775,0,0,0.9585,2,1,1,29.14246,
2022-07-22,s002,158,7,18,0,0,7,6.366337,0,0,0.9630001,6,1,1,23.38095,
2022-07-22,s002,158,7,18,0,0,7,7.221543,0,0,0.9615,4,1,1,30.13029,
2022-07-22,s002,159,7,19,0,0,8,1.854971,0,0,0.96,3,1,1,54.74333,
2022-07-22,s002,159,7,19,0,0,8,2.699282,0,0,0.9585,2,1,1,44.17888,
2022-07-22,s002,159,7,19,0,0,8,3.555142,0,0,0.9615,4,1,1,64.04428,
2022-07-22,s002,159,7,19,0,0,8,5.309011,0,0,0.9622501,5,1,1,57.61771,
2022-07-22,s002,159,7,19,0,0,8,6.177299,0,0,0.9585,2,1,1,56.44855,
2022-07-22,s002,159,7,19,0,0,8,7.019623,0,0,0.9585,2,1,1,56.05352,
2022-07-22,s002,159,7,19,0,0,8,7.884464,0,0,0.9615,4,1,1,65.57841,
2022-07-22,s002,160,8,0,0,1,8,1.842244,0,0,0.95775,1,0,1,47.54194,
2022-07-22,s002,160,8,0,0,1,8,2.682538,0,0,0.9596347,3,0,1,48.7776,
2022-07-22,s002,160,8,0,0,1,8,3.541006,0,0,0.9610996,4,0,1,61.03881,
2022-07-22,s002,160,8,0,0,1,8,4.393499,0,0,0.9567368,0,0,1,78.63903,
2022-07-22,s002,160,8,0,0,1,8,5.257352,0,0,0.9596595,3,0,1,103.021,
2022-07-22,s002,160,8,0,0,1,8,6.091911,0,0,0.9611266,4,0,1,107.9009,
2022-07-22,s002,160,8,0,0,1,8,6.936102,0,0,0.9611353,4,0,1,73.8315,
2022-07-22,s002,160,8,0,0,1,8,7.802082,0,0,0.9574909,1,0,1,75.38172,
2022-07-22,s002,161,8,1,0,1,8,1.926042,0,0,0.9618827,5,0,1,68.39968,
2022-07-22,s002,161,8,1,0,1,8,2.780104,0,0,0.9611596,4,0,1,116.7613,
2022-07-22,s002,161,8,1,0,1,8,4.480019,0,0,0.9618993,5,0,1,90.05773,
2022-07-22,s002,161,8,1,0,1,8,5.312963,0,0,0.9597106,3,0,1,101.7501,
2022-07-22,s002,161,8,1,0,1,8,6.164657,0,0,0.9626479,6,0,1,117.8127,
2022-07-22,s002,161,8,1,0,1,8,7.011654,0,0,0.9582578,2,0,1,78.52309,
2022-07-22,s002,161,8,1,0,1,8,7.864858,0,0,0.95753,1,0,1,77.18365,
2022-07-22,s002,162,8,2,0,1,8,3.010827,0,0,0.9575348,1,0,1,75.9628,
2022-07-22,s002,162,8,2,0,1,8,3.857416,0,0,0.9568055,0,0,1,75.84068,
2022-07-22,s002,162,8,2,0,1,8,4.69131,0,0,0.9582788,2,0,1,82.32841,
2022-07-22,s002,162,8,2,0,1,8,5.535467,0,0,0.9597535,3,0,1,82.49265,
2022-07-22,s002,162,8,2,0,1,8,6.378907,0,0,0.9597591,3,0,1,90.39673,
2022-07-22,s002,162,8,2,0,1,8,7.232376,0,0,0.9619712,5,0,1,89.86961,
2022-07-22,s002,162,8,2,0,1,8,8.078918,0,0,0.9627134,6,0,1,89.58714,
2022-07-22,s002,163,8,3,0,1,8,1.960665,0,0,0.9597753,3,0,1,80.27049,
2022-07-22,s002,163,8,3,0,1,8,2.809379,0,0,0.957571,1,0,1,81.12965,
2022-07-22,s002,163,8,3,0,1,8,3.674364,0,0,0.9619957,5,0,1,80.12937,
2022-07-22,s002,163,8,3,0,1,8,4.519423,0,0,0.9597901,3,0,1,79.94862,
2022-07-22,s002,163,8,3,0,1,8,5.385522,0,0,0.9597949,3,0,1,79.19985,
2022-07-22,s002,163,8,3,0,1,8,6.229713,0,0,0.9583242,2,0,1,79.39389,
2022-07-22,s002,163,8,3,0,1,8,7.951027,0,0,0.9620178,5,0,1,79.57545,
2022-07-22,s002,164,8,4,0,1,8,1.771334,0,0,0.9598086,3,0,1,78.26952,
2022-07-22,s002,164,8,4,0,1,8,2.626254,0,0,0.9598129,3,0,1,79.36987,
2022-07-22,s002,164,8,4,0,1,8,4.325728,0,0,0.9620332,5,0,1,78.74438,
2022-07-22,s002,164,8,4,0,1,8,6.014355,0,0,0.9583434,2,0,1,80.50512,
2022-07-22,s002,164,8,4,0,1,8,6.857458,0,0,0.9613038,4,0,1,82.1543,
2022-07-22,s002,164,8,4,0,1,8,7.835644,0,0,0.9583503,2,0,1,87.22729,
2022-07-22,s002,165,8,5,0,1,7,2.721083,0,0,0.9620522,5,0,1,85.87144,
2022-07-22,s002,165,8,5,0,1,7,3.565547,0,0,0.9620568,5,0,1,86.25974,
2022-07-22,s002,165,8,5,0,1,7,4.414597,0,0,0.95688,0,0,1,84.9204,
2022-07-22,s002,165,8,5,0,1,7,5.264654,0,0,0.9613248,4,0,1,84.8018,
2022-07-22,s002,165,8,5,0,1,7,6.127637,0,0,0.9613287,4,0,1,84.8611,
2022-07-22,s002,165,8,5,0,1,7,6.96417,0,0,0.9620734,5,0,1,84.98055,
2022-07-22,s002,166,8,6,0,1,8,1.836983,0,0,0.9568905,0,0,1,88.38925,
2022-07-22,s002,166,8,6,0,1,8,2.691097,0,0,0.957634,1,0,1,86.79604,
2022-07-22,s002,166,8,6,0,1,8,3.53742,0,0,0.9583779,2,0,1,80.89053,
2022-07-22,s002,166,8,6,0,1,8,4.391282,0,0,0.9583806,2,0,1,76.62997,
2022-07-22,s002,166,8,6,0,1,8,5.236398,0,0,0.962092,5,0,1,80.47958,
2022-07-22,s002,166,8,6,0,1,8,6.079993,0,0,0.9583859,2,0,1,79.90981,
2022-07-22,s002,166,8,6,0,1,8,6.924868,0,0,0.9598727,3,0,1,79.1533,
2022-07-22,s002,166,8,6,0,1,8,7.768457,0,0,0.958391,2,0,1,82.59777,
2022-07-22,s002,167,8,7,0,1,7,1.621415,0,0,0.9569085,0,0,1,87.98499,
2022-07-22,s002,167,8,7,0,1,7,2.473665,0,0,0.9598809,3,0,1,90.87119,
2022-07-22,s002,167,8,7,0,1,7,3.313218,0,0,0.9613692,4,0,1,83.48242,
2022-07-22,s002,167,8,7,0,1,7,4.194196,0,0,0.9628579,6,0,1,84.75759,
2022-07-22,s002,167,8,7,0,1,7,5.042165,0,0,0.961375,4,0,1,84.08745,
2022-07-22,s002,167,8,7,0,1,7,5.901992,0,0,0.9613777,4,0,1,90.09022,
2022-07-22,s002,167,8,7,0,1,7,6.742716,0,0,0.9613805,4,0,1,90.43177,
2022-07-22,s002,168,8,8,0,1,8,2.654296,0,0,0.9569218,0,0,1,57.16136,
2022-07-22,s002,168,8,8,0,1,8,3.497695,0,0,0.9584109,2,0,1,60.05598,
2022-07-22,s002,168,8,8,0,1,8,4.34204,0,0,0.9599005,3,0,1,87.89689,
2022-07-22,s002,168,8,8,0,1,8,5.180315,0,0,0.9613906,4,0,1,88.31982,
2022-07-22,s002,168,8,8,0,1,8,6.030304,0,0,0.961393,4,0,1,90.34966,
2022-07-22,s002,168,8,8,0,1,8,6.891017,0,0,0.9621397,5,0,1,87.88157,
2022-07-22,s002,168,8,8,0,1,8,7.739923,0,0,0.9628863,6,0,1,87.22363,
2022-07-22,s002,169,8,9,0,1,8,1.997579,0,0,0.9599111,3,0,1,80.44522,
2022-07-22,s002,169,8,9,0,1,8,2.861871,0,0,0.9628914,6,0,1,81.42843,
2022-07-22,s002,169,8,9,0,1,8,3.707533,0,0,0.962894,6,0,1,81.30457,
2022-07-22,s002,169,8,9,0,1,8,4.541107,0,0,0.9628963,6,0,1,82.54939,
2022-07-22,s002,169,8,9,0,1,8,5.395837,0,0,0.9584289,2,0,1,82.9862,
2022-07-22,s002,169,8,9,0,1,8,6.251253,0,0,0.9621558,5,0,1,85.9019,
2022-07-22,s002,169,8,9,0,1,8,7.106553,0,0,0.9584321,2,0,1,86.74586,
2022-07-22,s002,170,8,10,0,1,8,2.048581,0,0,0.9599241,3,0,1,86.19779,
2022-07-22,s002,170,8,10,0,1,8,2.892066,0,0,0.9629073,6,0,1,85.20605,
2022-07-22,s002,170,8,10,0,1,8,3.747022,0,0,0.9584365,2,0,1,84.52515,
2022-07-22,s002,170,8,10,0,1,8,4.591249,0,0,0.9569467,0,0,1,86.24741,
2022-07-22,s002,170,8,10,0,1,8,5.42492,0,0,0.9584392,2,0,1,86.81485,
2022-07-22,s002,170,8,10,0,1,8,6.267827,0,0,0.9621694,5,0,1,88.48874,
2022-07-22,s002,170,8,10,0,1,8,7.123618,0,0,0.9599336,3,0,1,87.86571,
2022-07-22,s002,170,8,10,0,1,8,7.978325,0,0,0.9599351,3,0,1,89.75935,
2022-07-22,s002,171,8,11,0,1,8,2.649292,0,0,0.9569523,0,0,1,85.47118,
2022-07-22,s002,171,8,11,0,1,8,3.503674,0,0,0.9629223,6,0,1,85.29762,
2022-07-22,s002,171,8,11,0,1,8,4.347201,0,0,0.9584468,2,0,1,84.67615,
2022-07-22,s002,171,8,11,0,1,8,5.189913,0,0,0.9584479,2,0,1,85.79607,
2022-07-22,s002,171,8,11,0,1,8,6.035676,0,0,0.9584491,2,0,1,85.95976,
2022-07-22,s002,171,8,11,0,1,8,6.869135,0,0,0.9614361,4,0,1,86.27579,
2022-07-22,s002,171,8,11,0,1,8,7.712602,0,0,0.962184,5,0,1,86.37027,
2022-07-22,s002,172,8,12,0,1,7,2.698063,0,0,0.9614389,4,0,1,68.40164,
2022-07-22,s002,172,8,12,0,1,7,3.530763,0,0,0.9621869,5,0,1,66.63148,
2022-07-22,s002,172,8,12,0,1,7,4.380051,0,0,0.9629351,6,0,1,55.9958,
2022-07-22,s002,172,8,12,0,1,7,6.092059,0,0,0.9629365,6,0,1,86.94733,
2022-07-22,s002,172,8,12,0,1,7,6.940552,0,0,0.962191,5,0,1,86.65901,
2022-07-22,s002,173,8,13,0,1,8,2.039493,0,0,0.9614455,4,0,1,82.54289,
2022-07-22,s002,173,8,13,0,1,8,2.883373,0,0,0.9614466,4,0,1,82.92076,
2022-07-22,s002,173,8,13,0,1,8,3.742982,0,0,0.9629419,6,0,1,82.96098,
2022-07-22,s002,173,8,13,0,1,8,4.592915,0,0,0.9621961,5,0,1,82.47655,
2022-07-22,s002,173,8,13,0,1,8,5.456748,0,0,0.9569667,0,0,1,83.11736,
2022-07-22,s002,173,8,13,0,1,8,6.303148,0,0,0.9599565,3,0,1,85.48282,
2022-07-22,s002,173,8,13,0,1,8,7.168094,0,0,0.9569681,0,0,1,85.16457,
2022-07-22,s002,173,8,13,0,1,8,8.013881,0,0,0.9622006,5,0,1,83.35886,
2022-07-22,s002,174,8,14,0,1,8,1.849344,0,0,0.9584644,2,0,1,79.51666,
2022-07-22,s002,174,8,14,0,1,8,2.683132,0,0,0.9622029,5,0,1,81.43703,
2022-07-22,s002,174,8,14,0,1,8,3.527322,0,0,0.9622039,5,0,1,82.22584,
2022-07-22,s002,174,8,14,0,1,8,4.370938,0,0,0.9629525,6,0,1,80.47163,
2022-07-22,s002,174,8,14,0,1,8,5.245655,0,0,0.9622059,5,0,1,81.44337,
2022-07-22,s002,174,8,14,0,1,8,6.092183,0,0,0.9629546,6,0,1,82.59028,
2022-07-22,s002,174,8,14,0,1,8,6.956538,0,0,0.9569734,0,0,1,82.53638,
2022-07-22,s002,174,8,14,0,1,8,7.802351,0,0,0.9584696,2,0,1,82.52301,
2022-07-22,s002,175,8,15,0,1,8,2.075633,0,0,0.9629575,6,0,1,90.29202,
2022-07-22,s002,175,8,15,0,1,8,2.920027,0,0,0.9629585,6,0,1,89.87823,
2022-07-22,s002,175,8,15,0,1,8,3.786177,0,0,0.9577236,1,0,1,87.72903,
2022-07-22,s002,175,8,15,0,1,8,5.464122,0,0,0.9569762,0,0,1,88.009,
2022-07-22,s002,175,8,15,0,1,8,6.307723,0,0,0.9599689,3,0,1,86.72333,
2022-07-22,s002,175,8,15,0,1,8,7.152773,0,0,0.9599695,3,0,1,86.41502,
2022-07-22,s002,176,8,16,0,1,8,1.861964,0,0,0.9599702,3,0,1,87.46336,
2022-07-22,s002,176,8,16,0,1,8,2.706428,0,0,0.9622154,5,0,1,87.08369,
2022-07-22,s002,176,8,16,0,1,8,3.562482,0,0,0.9577269,1,0,1,86.81414,
2022-07-22,s002,176,8,16,0,1,8,4.416417,0,0,0.9584756,2,0,1,86.12038,
2022-07-22,s002,176,8,16,0,1,8,5.255756,0,0,0.9614694,4,0,1,85.66137,
2022-07-22,s002,176,8,16,0,1,8,6.967018,0,0,0.9599733,3,0,1,85.70257,
2022-07-22,s002,176,8,16,0,1,8,7.803768,0,0,0.9577289,1,0,1,86.1636,
2022-07-22,s002,177,8,17,0,1,7,1.549948,0,0,0.9569808,0,0,1,82.71306,
2022-07-22,s002,177,8,17,0,1,7,2.391904,0,0,0.9584781,2,0,1,85.39375,
2022-07-22,s002,177,8,17,0,1,7,3.226837,0,0,0.9622208,5,0,1,88.13516,
2022-07-22,s002,177,8,17,0,1,7,4.090148,0,0,0.9629701,6,0,1,89.71371,
2022-07-22,s002,177,8,17,0,1,7,4.926508,0,0,0.9599766,3,0,1,86.94911,
2022-07-22,s002,177,8,17,0,1,7,5.789205,0,0,0.95848,2,0,1,86.68856,
2022-07-22,s002,177,8,17,0,1,7,6.636188,0,0,0.9577318,1,0,1,86.75557,
2022-07-22,s002,178,8,18,0,1,8,2.794315,0,0,0.9599781,3,0,1,82.35239,
2022-07-22,s002,178,8,18,0,1,8,3.659336,0,0,0.9614759,4,0,1,81.74556,
2022-07-22,s002,178,8,18,0,1,8,4.50495,0,0,0.9584817,2,0,1,81.20148,
2022-07-22,s002,178,8,18,0,1,8,5.377147,0,0,0.9629744,6,0,1,80.07268,
2022-07-22,s002,178,8,18,0,1,8,6.225668,0,0,0.9622262,5,0,1,80.51178,
2022-07-22,s002,178,8,18,0,1,8,7.087777,0,0,0.9569853,0,0,1,81.1986,
2022-07-22,s002,178,8,18,0,1,8,7.924814,0,0,0.9614784,4,0,1,85.06886,
2022-07-22,s002,179,8,19,0,1,8,1.90851,0,0,0.9577348,1,0,1,86.88266,
2022-07-22,s002,179,8,19,0,1,8,2.778291,0,0,0.9629772,6,0,1,86.68668,
2022-07-22,s002,179,8,19,0,1,8,4.463997,0,0,0.9622287,5,0,1,93.23463,
2022-07-22,s002,179,8,19,0,1,8,6.173198,0,0,0.9629779,6,0,1,91.7927,
2022-07-22,s002,179,8,19,0,1,8,7.008295,0,0,0.9569871,0,0,1,87.02233,
2022-07-22,s002,179,8,19,0,1,8,7.851385,0,0,0.9614812,4,0,1,85.90759,
2022-07-22,s002,180,9,0,0,1,8,2.984132,0,0,0.9577367,1,0,1,90.217,
2022-07-22,s002,180,9,0,0,1,8,3.828553,0,0,0.956988,0,0,1,90.35653,
2022-07-22,s002,180,9,0,0,1,8,5.527932,0,0,0.9599842,3,0,1,90.55684,
2022-07-22,s002,180,9,0,0,1,8,6.371162,0,0,0.9614826,4,0,1,90.90632,
2022-07-22,s002,180,9,0,0,1,8,7.234089,0,0,0.9577377,1,0,1,89.10484,
2022-07-22,s002,181,9,1,0,1,8,3.659007,0,0,0.9622325,5,0,1,86.21827,
2022-07-22,s002,181,9,1,0,1,8,4.501709,0,0,0.9629819,6,0,1,85.34981,
2022-07-22,s002,181,9,1,0,1,8,5.346072,0,0,0.9614841,4,0,1,86.87405,
2022-07-22,s002,181,9,1,0,1,8,6.186684,0,0,0.9622337,5,0,1,83.71254,
2022-07-22,s002,181,9,1,0,1,8,7.034368,0,0,0.9577391,1,0,1,83.49414,
2022-07-22,s002,181,9,1,0,1,8,7.897077,0,0,0.9614851,4,0,1,82.87726,
2022-07-22,s002,182,9,2,0,1,7,1.659964,0,0,0.9614854,4,0,1,84.29364,
2022-07-22,s002,182,9,2,0,1,7,2.504057,0,0,0.962235,5,0,1,82.5425,
2022-07-22,s002,182,9,2,0,1,7,3.368116,0,0,0.9622353,5,0,1,84.21954,
2022-07-22,s002,182,9,2,0,1,7,4.213271,0,0,0.9584894,2,0,1,81.46567,
2022-07-22,s002,182,9,2,0,1,7,5.076437,0,0,0.9599882,3,0,1,75.6402,
2022-07-22,s002,182,9,2,0,1,7,5.912934,0,0,0.9577406,1,0,1,82.27422,
2022-07-22,s002,182,9,2,0,1,7,6.757542,0,0,0.9569916,0,0,1,86.17188,
2022-07-22,s002,183,9,3,0,1,8,1.868511,0,0,0.9629862,6,0,1,76.56538,
2022-07-22,s002,183,9,3,0,1,8,2.712477,0,0,0.9584906,2,0,1,75.27266,
2022-07-22,s002,183,9,3,0,1,8,3.579277,0,0,0.9629867,6,0,1,78.4902,
2022-07-22,s002,183,9,3,0,1,8,4.422884,0,0,0.9569923,0,0,1,83.5225,
2022-07-22,s002,183,9,3,0,1,8,5.278071,0,0,0.9614886,4,0,1,78.67508,
2022-07-22,s002,183,9,3,0,1,8,6.199652,0,0,0.9569926,0,0,1,80.44248,
2022-07-22,s002,183,9,3,0,1,8,7.032484,0,0,0.9622384,5,0,1,81.58425,
2022-07-22,s002,183,9,3,0,1,8,7.910941,0,0,0.9569929,0,0,1,81.10722,
2022-07-22,s002,184,9,4,0,1,8,2.070969,0,0,0.9584919,2,0,1,80.78049,
2022-07-22,s002,184,9,4,0,1,8,2.915343,0,0,0.9629885,6,0,1,81.43624,
2022-07-22,s002,184,9,4,0,1,8,3.765422,0,0,0.9577428,1,0,1,83.09413,
2022-07-22,s002,184,9,4,0,1,8,4.60286,0,0,0.9629892,6,0,1,84.93295,
2022-07-22,s002,184,9,4,0,1,8,5.436832,0,0,0.9614905,4,0,1,85.98144,
2022-07-22,s002,184,9,4,0,1,8,6.291889,0,0,0.9569938,0,0,1,83.97226,
2022-07-22,s002,184,9,4,0,1,8,7.147158,0,0,0.9577434,1,0,1,82.59117,
2022-07-22,s002,184,9,4,0,1,8,8.00138,0,0,0.9622406,5,0,1,83.62844,
2022-07-22,s002,185,9,5,0,1,8,1.824764,0,0,0.9599922,3,0,1,78.82884,
2022-07-22,s002,185,9,5,0,1,8,2.690737,0,0,0.9622409,5,0,1,76.99837,
2022-07-22,s002,185,9,5,0,1,8,4.390245,0,0,0.9614916,4,0,1,78.3705,
2022-07-22,s002,185,9,5,0,1,8,5.261253,0,0,0.9577441,1,0,1,77.01808,
2022-07-22,s002,185,9,5,0,1,8,6.112482,0,0,0.9629911,6,0,1,76.24216,
2022-07-22,s002,185,9,5,0,1,8,6.956198,0,0,0.9577444,1,0,1,79.71724,
2022-07-22,s002,185,9,5,0,1,8,7.810524,0,0,0.958494,2,0,1,79.30923,
2022-07-22,s002,186,9,6,0,1,8,1.85519,0,0,0.9577446,1,0,1,88.30822,
2022-07-22,s002,186,9,6,0,1,8,3.553596,0,0,0.9622421,5,0,1,86.41846,
2022-07-22,s002,186,9,6,0,1,8,4.396102,0,0,0.9569952,0,0,1,84.61829,
2022-07-22,s002,186,9,6,0,1,8,5.242228,0,0,0.9614929,4,0,1,84.52879,
2022-07-22,s002,186,9,6,0,1,8,6.102453,0,0,0.9599938,3,0,1,83.89594,
2022-07-22,s002,186,9,6,0,1,8,6.940266,0,0,0.9629924,6,0,1,83.30467,
2022-07-22,s002,186,9,6,0,1,8,7.773642,0,0,0.9584948,2,0,1,82.41187,
2022-07-22,s002,187,9,7,0,1,8,1.861561,0,0,0.9569957,0,0,1,77.2759,
2022-07-22,s002,187,9,7,0,1,8,2.694406,0,0,0.9622433,5,0,1,71.44494,
2022-07-22,s002,187,9,7,0,1,8,3.534939,0,0,0.9629931,6,0,1,73.16151,
2022-07-22,s002,187,9,7,0,1,8,4.382049,0,0,0.9599946,3,0,1,72.81773,
2022-07-22,s002,187,9,7,0,1,8,5.216102,0,0,0.9622437,5,0,1,67.21648,
2022-07-22,s002,187,9,7,0,1,8,6.070943,0,0,0.9622439,5,0,1,85.53194,
2022-07-22,s002,187,9,7,0,1,8,6.903877,0,0,0.9629937,6,0,1,85.18304,
2022-07-22,s002,188,9,8,0,1,8,1.819364,0,0,0.9599952,3,0,1,80.60694,
2022-07-22,s002,188,9,8,0,1,8,2.673399,0,0,0.9584958,2,0,1,79.06052,
2022-07-22,s002,188,9,8,0,1,8,3.514483,0,0,0.9584959,2,0,1,78.77875,
2022-07-22,s002,188,9,8,0,1,8,4.394978,0,0,0.9577463,1,0,1,78.59663,
2022-07-22,s002,188,9,8,0,1,8,5.239228,0,0,0.9569967,0,0,1,79.59264,
2022-07-22,s002,188,9,8,0,1,8,6.082695,0,0,0.9584962,2,0,1,78.95743,
2022-07-22,s002,188,9,8,0,1,8,6.927202,0,0,0.9622449,5,0,1,79.84406,
2022-07-22,s002,188,9,8,0,1,8,7.769279,0,0,0.9569969,0,0,1,81.12177,
2022-07-22,s002,189,9,9,0,1,7,1.809262,0,0,0.9577466,1,0,1,82.94926,
2022-07-22,s002,189,9,9,0,1,7,2.673782,0,0,0.9577467,1,0,1,82.96408,
2022-07-22,s002,189,9,9,0,1,7,3.51907,0,0,0.9577468,1,0,1,83.15222,
2022-07-22,s002,189,9,9,0,1,7,4.352452,0,0,0.9629951,6,0,1,81.98917,
2022-07-22,s002,189,9,9,0,1,7,5.196775,0,0,0.9629953,6,0,1,82.62238,
2022-07-22,s002,189,9,9,0,1,7,6.040498,0,0,0.9629954,6,0,1,83.17352,
2022-07-22,s002,189,9,9,0,1,7,7.651163,0,0,0.9629954,6,0,1,79.94028,
2022-07-22,s002,190,9,10,0,1,8,1.833998,0,0,0.9629955,6,0,1,80.59841,
2022-07-22,s002,190,9,10,0,1,8,2.680505,0,0,0.9622459,5,0,1,76.55024,
2022-07-22,s002,190,9,10,0,1,8,3.520766,0,0,0.9577473,1,0,1,73.7342,
2022-07-22,s002,190,9,10,0,1,8,4.368947,0,0,0.9584971,2,0,1,76.70964,
2022-07-22,s002,190,9,10,0,1,8,5.230906,0,0,0.9629959,6,0,1,78.53111,
2022-07-22,s002,190,9,10,0,1,8,6.068922,0,0,0.9584972,2,0,1,71.22105,
2022-07-22,s002,190,9,10,0,1,8,6.913059,0,0,0.9577475,1,0,1,59.79948,
2022-07-22,s002,190,9,10,0,1,8,7.767644,0,0,0.9599969,3,0,1,79.64092,
2022-07-22,s002,191,9,11,0,1,8,2.180448,0,0,0.9577476,1,0,1,86.8372,
2022-07-22,s002,191,9,11,0,1,8,3.015086,0,0,0.9584975,2,0,1,84.65102,
2022-07-22,s002,191,9,11,0,1,8,3.853544,0,0,0.9569979,0,0,1,83.84835,
2022-07-22,s002,191,9,11,0,1,8,4.701518,0,0,0.9629965,6,0,1,78.52958,
2022-07-22,s002,191,9,11,0,1,8,5.566665,0,0,0.9629966,6,0,1,80.15082,
2022-07-22,s002,191,9,11,0,1,8,6.411397,0,0,0.9584976,2,0,1,79.71783,
2022-07-22,s002,191,9,11,0,1,8,7.27471,0,0,0.9629967,6,0,1,80.84872,
2022-07-22,s002,191,9,11,0,1,8,8.110837,0,0,0.9614971,4,0,1,79.59573,
2022-07-22,s002,192,9,12,0,1,8,1.839551,0,0,0.9584978,2,0,1,82.9801,
2022-07-22,s002,192,9,12,0,1,8,2.70311,0,0,0.9584979,2,0,1,81.9084,
2022-07-22,s002,192,9,12,0,1,8,3.549501,0,0,0.9569982,0,0,1,80.66928,
2022-07-22,s002,192,9,12,0,1,8,4.412875,0,0,0.9569982,0,0,1,82.15189,
2022-07-22,s002,192,9,12,0,1,8,6.114366,0,0,0.9622473,5,0,1,80.79778,
2022-07-22,s002,192,9,12,0,1,8,6.958545,0,0,0.9629972,6,0,1,81.41365,
2022-07-22,s002,193,9,13,0,1,8,1.924921,0,0,0.9629973,6,0,1,80.23403,
2022-07-22,s002,193,9,13,0,1,8,2.780006,0,0,0.9599979,3,0,1,81.94878,
2022-07-22,s002,193,9,13,0,1,8,3.636482,0,0,0.9599979,3,0,1,81.10199,
2022-07-22,s002,193,9,13,0,1,8,4.501251,0,0,0.9622476,5,0,1,81.88366,
2022-07-22,s002,193,9,13,0,1,8,5.345373,0,0,0.9577484,1,0,1,81.69528,
2022-07-22,s002,193,9,13,0,1,8,6.212861,0,0,0.9569986,0,0,1,81.66312,
2022-07-22,s002,193,9,13,0,1,8,7.917203,0,0,0.9577485,1,0,1,81.41149,
2022-07-22,s002,194,9,14,0,1,7,2.604731,0,0,0.9577485,1,0,1,79.82197,
2022-07-22,s002,194,9,14,0,1,7,3.459577,0,0,0.9629976,6,0,1,80.33119,
2022-07-22,s002,194,9,14,0,1,7,4.292653,0,0,0.9569987,0,0,1,82.23237,
2022-07-22,s002,194,9,14,0,1,7,5.126245,0,0,0.9599983,3,0,1,80.94869,
2022-07-22,s002,194,9,14,0,1,7,5.980574,0,0,0.9577486,1,0,1,79.24993,
2022-07-22,s002,194,9,14,0,1,7,6.824502,0,0,0.9584985,2,0,1,78.65726,
2022-07-22,s002,195,9,15,0,1,8,1.951983,0,0,0.9569988,0,0,1,82.0146,
2022-07-22,s002,195,9,15,0,1,8,2.796487,0,0,0.9599984,3,0,1,80.76566,
2022-07-22,s002,195,9,15,0,1,8,3.651488,0,0,0.9599984,3,0,1,76.97894,
2022-07-22,s002,195,9,15,0,1,8,4.49536,0,0,0.9577488,1,0,1,79.20917,
2022-07-22,s002,195,9,15,0,1,8,6.194324,0,0,0.9599985,3,0,1,81.32544,
2022-07-22,s002,195,9,15,0,1,8,7.055532,0,0,0.9569989,0,0,1,79.3034,
2022-07-22,s002,195,9,15,0,1,8,7.893771,0,0,0.9584987,2,0,1,79.15733,
2022-07-22,s002,196,9,16,0,1,8,1.792061,0,0,0.9569989,0,0,1,78.53726,
2022-07-22,s002,196,9,16,0,1,8,2.633129,0,0,0.9577489,1,0,1,79.16003,
2022-07-22,s002,196,9,16,0,1,8,3.480979,0,0,0.9622484,5,0,1,80.21168,
2022-07-22,s002,196,9,16,0,1,8,4.344213,0,0,0.9599987,3,0,1,79.09239,
2022-07-22,s002,196,9,16,0,1,8,5.186449,0,0,0.9584989,2,0,1,79.07321,
2022-07-22,s002,196,9,16,0,1,8,6.053706,0,0,0.9584989,2,0,1,79.75273,
2022-07-22,s002,196,9,16,0,1,8,6.889913,0,0,0.9584989,2,0,1,79.15292,
2022-07-22,s002,196,9,16,0,1,8,7.734322,0,0,0.958499,2,0,1,79.69486,
2022-07-22,s002,197,9,17,0,1,8,1.999928,0,0,0.9629986,6,0,1,80.00873,
2022-07-22,s002,197,9,17,0,1,8,2.847116,0,0,0.9629985,6,0,1,79.85585,
2022-07-22,s002,197,9,17,0,1,8,3.7121,0,0,0.9577491,1,0,1,80.58377,
2022-07-22,s002,197,9,17,0,1,8,4.557548,0,0,0.9577491,1,0,1,80.16959,
2022-07-22,s002,197,9,17,0,1,8,5.418259,0,0,0.9569992,0,0,1,80.88554,
2022-07-22,s002,197,9,17,0,1,8,6.268337,0,0,0.9614989,4,0,1,80.67812,
2022-07-22,s002,197,9,17,0,1,8,7.121817,0,0,0.9584991,2,0,1,80.21023,
2022-07-22,s002,197,9,17,0,1,8,7.967247,0,0,0.9622487,5,0,1,81.04731,
2022-07-22,s002,198,9,18,0,1,8,1.736155,0,0,0.9577492,1,0,1,85.11366,
2022-07-22,s002,198,9,18,0,1,8,2.579737,0,0,0.9614989,4,0,1,84.90547,
2022-07-22,s002,198,9,18,0,1,8,3.424824,0,0,0.9577492,1,0,1,82.47552,
2022-07-22,s002,198,9,18,0,1,8,4.274121,0,0,0.9577492,1,0,1,84.90188,
2022-07-22,s002,198,9,18,0,1,8,5.95721,0,0,0.9569993,0,0,1,81.35497,
2022-07-22,s002,198,9,18,0,1,8,6.802122,0,0,0.9569994,0,0,1,77.66609,
2022-07-22,s002,198,9,18,0,1,8,7.666492,0,0,0.961499,4,0,1,79.38904,
2022-07-22,s002,199,9,19,0,1,7,1.825778,0,0,0.9577494,1,0,1,87.83607,
2022-07-22,s002,199,9,19,0,1,7,2.691959,0,0,0.9599991,3,0,1,85.91904,
2022-07-22,s002,199,9,19,0,1,7,3.535517,0,0,0.9569994,0,0,1,82.45368,
2022-07-22,s002,199,9,19,0,1,7,4.390592,0,0,0.962999,6,0,1,78.35137,
2022-07-22,s002,199,9,19,0,1,7,5.227935,0,0,0.962249,5,0,1,82.84048,
2022-07-22,s002,199,9,19,0,1,7,6.122972,0,0,0.9577494,1,0,1,84.62682,
2022-07-22,s002,199,9,19,0,1,7,7.256655,0,0,0.9622492,5,0,1,84.35345,
